# Blender 5.1.2
# www.blender.org
mtllib Title.mtl
o Text
v 2.257875 0.000000 -0.511500
v 2.257875 0.000000 0.000000
v 2.331375 0.000000 0.000000
v 2.331375 0.000000 -0.222000
v 2.362125 0.000000 -0.222000
v 2.371385 0.000000 -0.221703
v 2.380514 0.000000 -0.220625
v 2.389664 0.000000 -0.218484
v 2.398986 0.000000 -0.215000
v 2.408631 0.000000 -0.209891
v 2.418750 0.000000 -0.202875
v 2.429494 0.000000 -0.193672
v 2.441014 0.000000 -0.182000
v 2.453461 0.000000 -0.167578
v 2.466986 0.000000 -0.150125
v 2.481741 0.000000 -0.129359
v 2.497875 0.000000 -0.105000
v 2.565375 0.000000 0.000000
v 2.653125 0.000000 0.000000
v 2.644763 0.000000 -0.011560
v 2.637229 0.000000 -0.021979
v 2.630414 0.000000 -0.031430
v 2.624208 0.000000 -0.040083
v 2.618503 0.000000 -0.048112
v 2.613188 0.000000 -0.055687
v 2.608154 0.000000 -0.062982
v 2.603292 0.000000 -0.070167
v 2.598492 0.000000 -0.077414
v 2.593646 0.000000 -0.084896
v 2.588643 0.000000 -0.092784
v 2.583375 0.000000 -0.101250
v 2.573828 0.000000 -0.116844
v 2.564618 0.000000 -0.131750
v 2.555649 0.000000 -0.145969
v 2.546820 0.000000 -0.159500
v 2.538033 0.000000 -0.172344
v 2.529188 0.000000 -0.184500
v 2.520187 0.000000 -0.195969
v 2.510931 0.000000 -0.206750
v 2.501321 0.000000 -0.216844
v 2.491257 0.000000 -0.226250
v 2.480642 0.000000 -0.234969
v 2.469375 0.000000 -0.243000
v 2.482559 0.000000 -0.248902
v 2.494719 0.000000 -0.255715
v 2.505832 0.000000 -0.263414
v 2.515875 0.000000 -0.271972
v 2.524824 0.000000 -0.281364
v 2.532656 0.000000 -0.291562
v 2.539348 0.000000 -0.302543
v 2.544875 0.000000 -0.314278
v 2.549215 0.000000 -0.326742
v 2.552344 0.000000 -0.339910
v 2.554238 0.000000 -0.353754
v 2.554875 0.000000 -0.368250
v 2.553546 0.000000 -0.389660
v 2.549618 0.000000 -0.409590
v 2.543180 0.000000 -0.427969
v 2.534320 0.000000 -0.444722
v 2.523126 0.000000 -0.459778
v 2.509688 0.000000 -0.473063
v 2.494093 0.000000 -0.484503
v 2.476431 0.000000 -0.494028
v 2.456789 0.000000 -0.501563
v 2.435257 0.000000 -0.507035
v 2.411923 0.000000 -0.510372
v 2.386875 0.000000 -0.511500
v 2.331375 0.000000 -0.448500
v 2.378625 0.000000 -0.448500
v 2.395556 0.000000 -0.447897
v 2.410757 0.000000 -0.446111
v 2.424281 0.000000 -0.443180
v 2.436181 0.000000 -0.439139
v 2.446507 0.000000 -0.434025
v 2.455312 0.000000 -0.427875
v 2.462649 0.000000 -0.420725
v 2.468570 0.000000 -0.412611
v 2.473125 0.000000 -0.403570
v 2.476368 0.000000 -0.393639
v 2.478351 0.000000 -0.382853
v 2.479125 0.000000 -0.371250
v 2.478809 0.000000 -0.360632
v 2.477410 0.000000 -0.350240
v 2.474813 0.000000 -0.340207
v 2.470903 0.000000 -0.330667
v 2.465566 0.000000 -0.321751
v 2.458688 0.000000 -0.313594
v 2.450153 0.000000 -0.306327
v 2.439847 0.000000 -0.300083
v 2.427656 0.000000 -0.294996
v 2.413465 0.000000 -0.291198
v 2.397160 0.000000 -0.288822
v 2.378625 0.000000 -0.288000
v 2.331375 0.000000 -0.288000
v 2.155125 0.000000 -0.511500
v 2.081625 0.000000 -0.511500
v 2.081625 0.000000 -0.213750
v 2.081492 0.000000 -0.201969
v 2.081059 0.000000 -0.190628
v 2.080277 0.000000 -0.179730
v 2.079097 0.000000 -0.169278
v 2.077469 0.000000 -0.159273
v 2.075344 0.000000 -0.149719
v 2.072671 0.000000 -0.140618
v 2.069403 0.000000 -0.131972
v 2.065488 0.000000 -0.123785
v 2.060878 0.000000 -0.116059
v 2.055524 0.000000 -0.108796
v 2.049375 0.000000 -0.102000
v 2.043204 0.000000 -0.096304
v 2.036319 0.000000 -0.090872
v 2.028727 0.000000 -0.085746
v 2.020431 0.000000 -0.080972
v 2.011437 0.000000 -0.076594
v 2.001750 0.000000 -0.072656
v 1.991376 0.000000 -0.069203
v 1.980319 0.000000 -0.066278
v 1.968586 0.000000 -0.063926
v 1.956181 0.000000 -0.062191
v 1.943109 0.000000 -0.061118
v 1.929375 0.000000 -0.060750
v 1.918469 0.000000 -0.061047
v 1.907875 0.000000 -0.061941
v 1.897594 0.000000 -0.063434
v 1.887625 0.000000 -0.065528
v 1.877969 0.000000 -0.068226
v 1.868625 0.000000 -0.071531
v 1.859594 0.000000 -0.075446
v 1.850875 0.000000 -0.079972
v 1.842469 0.000000 -0.085113
v 1.834375 0.000000 -0.090872
v 1.826594 0.000000 -0.097250
v 1.819125 0.000000 -0.104250
v 1.813636 0.000000 -0.110097
v 1.808774 0.000000 -0.116090
v 1.804512 0.000000 -0.122344
v 1.800820 0.000000 -0.128972
v 1.797669 0.000000 -0.136090
v 1.795031 0.000000 -0.143813
v 1.792878 0.000000 -0.152253
v 1.791181 0.000000 -0.161528
v 1.789910 0.000000 -0.171750
v 1.789038 0.000000 -0.183035
v 1.788536 0.000000 -0.195497
v 1.788375 0.000000 -0.209250
v 1.788375 0.000000 -0.511500
v 1.714875 0.000000 -0.511500
v 1.714875 0.000000 -0.193500
v 1.717004 0.000000 -0.160255
v 1.723153 0.000000 -0.130229
v 1.732969 0.000000 -0.103359
v 1.746097 0.000000 -0.079583
v 1.762184 0.000000 -0.058839
v 1.780875 0.000000 -0.041063
v 1.801816 0.000000 -0.026193
v 1.824653 0.000000 -0.014167
v 1.849031 0.000000 -0.004922
v 1.874597 0.000000 0.001604
v 1.900997 0.000000 0.005474
v 1.927875 0.000000 0.006750
v 1.964329 0.000000 0.005054
v 1.997573 0.000000 0.000059
v 2.027613 0.000000 -0.008098
v 2.054458 0.000000 -0.019278
v 2.078116 0.000000 -0.033343
v 2.098594 0.000000 -0.050156
v 2.115900 0.000000 -0.069579
v 2.130042 0.000000 -0.091472
v 2.141027 0.000000 -0.115699
v 2.148865 0.000000 -0.142122
v 2.153561 0.000000 -0.170601
v 2.155125 0.000000 -0.201000
v 1.085625 0.000000 -0.255750
v 1.087802 0.000000 -0.221438
v 1.094233 0.000000 -0.188128
v 1.104762 0.000000 -0.156199
v 1.119236 0.000000 -0.126028
v 1.137502 0.000000 -0.097992
v 1.159406 0.000000 -0.072469
v 1.184795 0.000000 -0.049836
v 1.213514 0.000000 -0.030472
v 1.245410 0.000000 -0.014754
v 1.280330 0.000000 -0.003059
v 1.318119 0.000000 0.004235
v 1.358625 0.000000 0.006750
v 1.400465 0.000000 0.004220
v 1.439281 0.000000 -0.003111
v 1.474957 0.000000 -0.014859
v 1.507375 0.000000 -0.030639
v 1.536418 0.000000 -0.050064
v 1.561969 0.000000 -0.072750
v 1.583910 0.000000 -0.098311
v 1.602125 0.000000 -0.126361
v 1.616496 0.000000 -0.156516
v 1.626906 0.000000 -0.188389
v 1.633238 0.000000 -0.221595
v 1.635375 0.000000 -0.255750
v 1.633182 0.000000 -0.290850
v 1.626705 0.000000 -0.324674
v 1.616098 0.000000 -0.356883
v 1.601514 0.000000 -0.387139
v 1.583107 0.000000 -0.415103
v 1.561031 0.000000 -0.440438
v 1.535439 0.000000 -0.462803
v 1.506486 0.000000 -0.481861
v 1.474324 0.000000 -0.497274
v 1.439107 0.000000 -0.508701
v 1.400990 0.000000 -0.515806
v 1.360125 0.000000 -0.518250
v 1.319905 0.000000 -0.515792
v 1.282239 0.000000 -0.508649
v 1.247308 0.000000 -0.497168
v 1.215292 0.000000 -0.481694
v 1.186368 0.000000 -0.462575
v 1.160719 0.000000 -0.440156
v 1.138522 0.000000 -0.414784
v 1.119958 0.000000 -0.386806
v 1.105207 0.000000 -0.356566
v 1.094448 0.000000 -0.324413
v 1.087861 0.000000 -0.290692
v 1.161375 0.000000 -0.255750
v 1.163108 0.000000 -0.283220
v 1.168180 0.000000 -0.309257
v 1.176398 0.000000 -0.333680
v 1.187569 0.000000 -0.356306
v 1.201501 0.000000 -0.376952
v 1.218000 0.000000 -0.395438
v 1.236874 0.000000 -0.411579
v 1.257931 0.000000 -0.425194
v 1.280977 0.000000 -0.436102
v 1.305819 0.000000 -0.444118
v 1.332266 0.000000 -0.449062
v 1.360125 0.000000 -0.450750
v 1.388156 0.000000 -0.449062
v 1.414746 0.000000 -0.444118
v 1.439707 0.000000 -0.436102
v 1.462847 0.000000 -0.425194
v 1.483977 0.000000 -0.411579
v 1.502906 0.000000 -0.395437
v 1.519445 0.000000 -0.376952
v 1.533403 0.000000 -0.356306
v 1.544590 0.000000 -0.333680
v 1.552816 0.000000 -0.309257
v 1.557891 0.000000 -0.283220
v 1.559625 0.000000 -0.255750
v 1.557891 0.000000 -0.228438
v 1.552816 0.000000 -0.202503
v 1.544590 0.000000 -0.178137
v 1.533403 0.000000 -0.155528
v 1.519445 0.000000 -0.134867
v 1.502906 0.000000 -0.116344
v 1.483977 0.000000 -0.100149
v 1.462847 0.000000 -0.086472
v 1.439707 0.000000 -0.075504
v 1.414747 0.000000 -0.067434
v 1.388156 0.000000 -0.062453
v 1.360125 0.000000 -0.060750
v 1.332266 0.000000 -0.062453
v 1.305819 0.000000 -0.067434
v 1.280976 0.000000 -0.075504
v 1.257930 0.000000 -0.086472
v 1.236874 0.000000 -0.100149
v 1.218000 0.000000 -0.116344
v 1.201501 0.000000 -0.134867
v 1.187569 0.000000 -0.155528
v 1.176398 0.000000 -0.178137
v 1.168180 0.000000 -0.202503
v 1.163108 0.000000 -0.228438
v 1.034875 0.000000 -0.682000
v 0.464875 0.000000 -0.682000
v 0.464875 0.000000 -0.594000
v 0.700875 0.000000 -0.594000
v 0.700875 0.000000 0.000000
v 0.798875 0.000000 0.000000
v 0.798875 0.000000 -0.594000
v 1.034875 0.000000 -0.594000
v 0.125625 0.000000 -0.482250
v 0.116564 0.000000 -0.488000
v 0.107389 0.000000 -0.493250
v 0.098109 0.000000 -0.498000
v 0.088736 0.000000 -0.502250
v 0.079279 0.000000 -0.506000
v 0.069750 0.000000 -0.509250
v 0.060158 0.000000 -0.512000
v 0.050514 0.000000 -0.514250
v 0.040828 0.000000 -0.516000
v 0.031111 0.000000 -0.517250
v 0.021373 0.000000 -0.518000
v 0.011625 0.000000 -0.518250
v -0.011124 0.000000 -0.517154
v -0.032427 0.000000 -0.513920
v -0.052184 0.000000 -0.508629
v -0.070292 0.000000 -0.501361
v -0.086650 0.000000 -0.492197
v -0.101156 0.000000 -0.481219
v -0.113710 0.000000 -0.468506
v -0.124209 0.000000 -0.454139
v -0.132551 0.000000 -0.438199
v -0.138636 0.000000 -0.420767
v -0.142361 0.000000 -0.401924
v -0.143625 0.000000 -0.381750
v -0.139272 0.000000 -0.349231
v -0.127236 0.000000 -0.321285
v -0.109055 0.000000 -0.297141
v -0.086264 0.000000 -0.276028
v -0.060400 0.000000 -0.257175
v -0.033000 0.000000 -0.239813
v -0.005600 0.000000 -0.223168
v 0.020264 0.000000 -0.206472
v 0.043054 0.000000 -0.188953
v 0.061236 0.000000 -0.169840
v 0.073271 0.000000 -0.148363
v 0.077625 0.000000 -0.123750
v 0.077075 0.000000 -0.116494
v 0.075416 0.000000 -0.109076
v 0.072633 0.000000 -0.101648
v 0.068708 0.000000 -0.094361
v 0.063627 0.000000 -0.087365
v 0.057375 0.000000 -0.080812
v 0.049935 0.000000 -0.074853
v 0.041291 0.000000 -0.069639
v 0.031429 0.000000 -0.065320
v 0.020333 0.000000 -0.062049
v 0.007987 0.000000 -0.059975
v -0.005625 0.000000 -0.059250
v -0.018121 0.000000 -0.059794
v -0.030469 0.000000 -0.061417
v -0.042645 0.000000 -0.064102
v -0.054625 0.000000 -0.067833
v -0.066387 0.000000 -0.072596
v -0.077906 0.000000 -0.078375
v -0.089160 0.000000 -0.085154
v -0.100125 0.000000 -0.092917
v -0.110778 0.000000 -0.101648
v -0.121094 0.000000 -0.111333
v -0.131051 0.000000 -0.121956
v -0.140625 0.000000 -0.133500
v -0.140625 0.000000 -0.040500
v -0.129886 0.000000 -0.032796
v -0.119025 0.000000 -0.025802
v -0.108012 0.000000 -0.019512
v -0.096820 0.000000 -0.013917
v -0.085419 0.000000 -0.009009
v -0.073781 0.000000 -0.004781
v -0.061878 0.000000 -0.001225
v -0.049681 0.000000 0.001667
v -0.037160 0.000000 0.003902
v -0.024288 0.000000 0.005490
v -0.011036 0.000000 0.006436
v 0.002625 0.000000 0.006750
v 0.022774 0.000000 0.005553
v 0.041882 0.000000 0.002045
v 0.059812 0.000000 -0.003645
v 0.076430 0.000000 -0.011389
v 0.091600 0.000000 -0.021060
v 0.105187 0.000000 -0.032531
v 0.117055 0.000000 -0.045674
v 0.127069 0.000000 -0.060361
v 0.135094 0.000000 -0.076465
v 0.140993 0.000000 -0.093858
v 0.144632 0.000000 -0.112412
v 0.145875 0.000000 -0.132000
v 0.141521 0.000000 -0.169418
v 0.129486 0.000000 -0.200910
v 0.111304 0.000000 -0.227391
v 0.088514 0.000000 -0.249778
v 0.062650 0.000000 -0.268988
v 0.035250 0.000000 -0.285938
v 0.007850 0.000000 -0.301543
v -0.018014 0.000000 -0.316722
v -0.040805 0.000000 -0.332391
v -0.058986 0.000000 -0.349465
v -0.071022 0.000000 -0.368863
v -0.075375 0.000000 -0.391500
v -0.074684 0.000000 -0.400258
v -0.072656 0.000000 -0.408500
v -0.069363 0.000000 -0.416180
v -0.064875 0.000000 -0.423250
v -0.059262 0.000000 -0.429664
v -0.052594 0.000000 -0.435375
v -0.044942 0.000000 -0.440336
v -0.036375 0.000000 -0.444500
v -0.026965 0.000000 -0.447820
v -0.016781 0.000000 -0.450250
v -0.005895 0.000000 -0.451742
v 0.005625 0.000000 -0.452250
v 0.014403 0.000000 -0.451990
v 0.023472 0.000000 -0.451170
v 0.032812 0.000000 -0.449730
v 0.042403 0.000000 -0.447611
v 0.052222 0.000000 -0.444752
v 0.062250 0.000000 -0.441094
v 0.072465 0.000000 -0.436576
v 0.082847 0.000000 -0.431139
v 0.093375 0.000000 -0.424723
v 0.104028 0.000000 -0.417267
v 0.114785 0.000000 -0.408713
v 0.125625 0.000000 -0.399000
v -0.288625 0.000000 -0.462000
v -0.246625 0.000000 -0.462000
v -0.223625 0.000000 -0.599000
v -0.223625 0.000000 -0.716000
v -0.311625 0.000000 -0.716000
v -0.311625 0.000000 -0.599000
v -0.756875 0.000000 -0.511500
v -0.756875 0.000000 0.000000
v -0.683375 0.000000 0.000000
v -0.683375 0.000000 -0.222000
v -0.652625 0.000000 -0.222000
v -0.643366 0.000000 -0.221703
v -0.634236 0.000000 -0.220625
v -0.625086 0.000000 -0.218484
v -0.615764 0.000000 -0.215000
v -0.606119 0.000000 -0.209891
v -0.596000 0.000000 -0.202875
v -0.585256 0.000000 -0.193672
v -0.573736 0.000000 -0.182000
v -0.561289 0.000000 -0.167578
v -0.547764 0.000000 -0.150125
v -0.533010 0.000000 -0.129359
v -0.516875 0.000000 -0.105000
v -0.449375 0.000000 0.000000
v -0.361625 0.000000 0.000000
v -0.369987 0.000000 -0.011560
v -0.377521 0.000000 -0.021979
v -0.384336 0.000000 -0.031430
v -0.390542 0.000000 -0.040083
v -0.396248 0.000000 -0.048112
v -0.401563 0.000000 -0.055687
v -0.406597 0.000000 -0.062982
v -0.411459 0.000000 -0.070167
v -0.416258 0.000000 -0.077414
v -0.421104 0.000000 -0.084896
v -0.426107 0.000000 -0.092784
v -0.431375 0.000000 -0.101250
v -0.440923 0.000000 -0.116844
v -0.450132 0.000000 -0.131750
v -0.459102 0.000000 -0.145969
v -0.467931 0.000000 -0.159500
v -0.476718 0.000000 -0.172344
v -0.485563 0.000000 -0.184500
v -0.494564 0.000000 -0.195969
v -0.503820 0.000000 -0.206750
v -0.513430 0.000000 -0.216844
v -0.523493 0.000000 -0.226250
v -0.534109 0.000000 -0.234969
v -0.545375 0.000000 -0.243000
v -0.532192 0.000000 -0.248902
v -0.520032 0.000000 -0.255715
v -0.508918 0.000000 -0.263414
v -0.498875 0.000000 -0.271972
v -0.489926 0.000000 -0.281364
v -0.482094 0.000000 -0.291562
v -0.475403 0.000000 -0.302543
v -0.469875 0.000000 -0.314278
v -0.465535 0.000000 -0.326742
v -0.462407 0.000000 -0.339910
v -0.460512 0.000000 -0.353754
v -0.459875 0.000000 -0.368250
v -0.461204 0.000000 -0.389660
v -0.465132 0.000000 -0.409590
v -0.471571 0.000000 -0.427969
v -0.480431 0.000000 -0.444722
v -0.491624 0.000000 -0.459778
v -0.505063 0.000000 -0.473063
v -0.520657 0.000000 -0.484503
v -0.538320 0.000000 -0.494028
v -0.557961 0.000000 -0.501563
v -0.579493 0.000000 -0.507035
v -0.602828 0.000000 -0.510372
v -0.627875 0.000000 -0.511500
v -0.683375 0.000000 -0.448500
v -0.636125 0.000000 -0.448500
v -0.619195 0.000000 -0.447897
v -0.603993 0.000000 -0.446111
v -0.590469 0.000000 -0.443180
v -0.578570 0.000000 -0.439139
v -0.568243 0.000000 -0.434025
v -0.559438 0.000000 -0.427875
v -0.552101 0.000000 -0.420725
v -0.546181 0.000000 -0.412611
v -0.541625 0.000000 -0.403570
v -0.538382 0.000000 -0.393639
v -0.536400 0.000000 -0.382853
v -0.535625 0.000000 -0.371250
v -0.535941 0.000000 -0.360632
v -0.537341 0.000000 -0.350240
v -0.539938 0.000000 -0.340207
v -0.543847 0.000000 -0.330667
v -0.549184 0.000000 -0.321751
v -0.556063 0.000000 -0.313594
v -0.564597 0.000000 -0.306327
v -0.574903 0.000000 -0.300083
v -0.587094 0.000000 -0.294996
v -0.601285 0.000000 -0.291198
v -0.617591 0.000000 -0.288822
v -0.636125 0.000000 -0.288000
v -0.683375 0.000000 -0.288000
v -1.398125 0.000000 -0.255750
v -1.395948 0.000000 -0.221438
v -1.389518 0.000000 -0.188128
v -1.378989 0.000000 -0.156199
v -1.364514 0.000000 -0.126028
v -1.346248 0.000000 -0.097992
v -1.324344 0.000000 -0.072469
v -1.298955 0.000000 -0.049836
v -1.270236 0.000000 -0.030472
v -1.238340 0.000000 -0.014754
v -1.203420 0.000000 -0.003059
v -1.165631 0.000000 0.004235
v -1.125125 0.000000 0.006750
v -1.083285 0.000000 0.004220
v -1.044469 0.000000 -0.003111
v -1.008793 0.000000 -0.014859
v -0.976375 0.000000 -0.030639
v -0.947332 0.000000 -0.050064
v -0.921781 0.000000 -0.072750
v -0.899840 0.000000 -0.098311
v -0.881625 0.000000 -0.126361
v -0.867254 0.000000 -0.156516
v -0.856844 0.000000 -0.188389
v -0.850512 0.000000 -0.221595
v -0.848375 0.000000 -0.255750
v -0.850568 0.000000 -0.290850
v -0.857045 0.000000 -0.324674
v -0.867653 0.000000 -0.356883
v -0.882236 0.000000 -0.387139
v -0.900643 0.000000 -0.415103
v -0.922719 0.000000 -0.440438
v -0.948311 0.000000 -0.462803
v -0.977264 0.000000 -0.481861
v -1.009426 0.000000 -0.497274
v -1.044643 0.000000 -0.508701
v -1.082760 0.000000 -0.515806
v -1.123625 0.000000 -0.518250
v -1.163845 0.000000 -0.515792
v -1.201511 0.000000 -0.508649
v -1.236442 0.000000 -0.497168
v -1.268458 0.000000 -0.481694
v -1.297382 0.000000 -0.462575
v -1.323031 0.000000 -0.440156
v -1.345228 0.000000 -0.414784
v -1.363792 0.000000 -0.386806
v -1.378543 0.000000 -0.356566
v -1.389302 0.000000 -0.324413
v -1.395890 0.000000 -0.290692
v -1.322375 0.000000 -0.255750
v -1.320642 0.000000 -0.283220
v -1.315570 0.000000 -0.309257
v -1.307352 0.000000 -0.333680
v -1.296181 0.000000 -0.356306
v -1.282249 0.000000 -0.376952
v -1.265750 0.000000 -0.395438
v -1.246876 0.000000 -0.411579
v -1.225820 0.000000 -0.425194
v -1.202774 0.000000 -0.436102
v -1.177931 0.000000 -0.444118
v -1.151484 0.000000 -0.449062
v -1.123625 0.000000 -0.450750
v -1.095594 0.000000 -0.449062
v -1.069004 0.000000 -0.444118
v -1.044043 0.000000 -0.436102
v -1.020903 0.000000 -0.425194
v -0.999773 0.000000 -0.411579
v -0.980844 0.000000 -0.395437
v -0.964305 0.000000 -0.376952
v -0.950347 0.000000 -0.356306
v -0.939160 0.000000 -0.333680
v -0.930934 0.000000 -0.309257
v -0.925859 0.000000 -0.283220
v -0.924125 0.000000 -0.255750
v -0.925859 0.000000 -0.228438
v -0.930934 0.000000 -0.202503
v -0.939160 0.000000 -0.178137
v -0.950347 0.000000 -0.155528
v -0.964305 0.000000 -0.134867
v -0.980844 0.000000 -0.116344
v -0.999773 0.000000 -0.100149
v -1.020903 0.000000 -0.086472
v -1.044043 0.000000 -0.075504
v -1.069004 0.000000 -0.067434
v -1.095594 0.000000 -0.062453
v -1.123625 0.000000 -0.060750
v -1.151484 0.000000 -0.062453
v -1.177931 0.000000 -0.067434
v -1.202774 0.000000 -0.075504
v -1.225820 0.000000 -0.086472
v -1.246876 0.000000 -0.100149
v -1.265750 0.000000 -0.116344
v -1.282249 0.000000 -0.134867
v -1.296181 0.000000 -0.155528
v -1.307352 0.000000 -0.178137
v -1.315570 0.000000 -0.202503
v -1.320642 0.000000 -0.228438
v -2.015375 0.000000 -0.255750
v -2.013198 0.000000 -0.221438
v -2.006768 0.000000 -0.188128
v -1.996238 0.000000 -0.156199
v -1.981764 0.000000 -0.126028
v -1.963498 0.000000 -0.097992
v -1.941594 0.000000 -0.072469
v -1.916205 0.000000 -0.049836
v -1.887486 0.000000 -0.030472
v -1.855590 0.000000 -0.014754
v -1.820670 0.000000 -0.003059
v -1.782881 0.000000 0.004235
v -1.742375 0.000000 0.006750
v -1.700535 0.000000 0.004220
v -1.661719 0.000000 -0.003111
v -1.626043 0.000000 -0.014859
v -1.593625 0.000000 -0.030639
v -1.564582 0.000000 -0.050064
v -1.539031 0.000000 -0.072750
v -1.517090 0.000000 -0.098311
v -1.498875 0.000000 -0.126361
v -1.484504 0.000000 -0.156516
v -1.474094 0.000000 -0.188389
v -1.467762 0.000000 -0.221595
v -1.465625 0.000000 -0.255750
v -1.467818 0.000000 -0.290850
v -1.474295 0.000000 -0.324674
v -1.484903 0.000000 -0.356883
v -1.499486 0.000000 -0.387139
v -1.517893 0.000000 -0.415103
v -1.539969 0.000000 -0.440438
v -1.565561 0.000000 -0.462803
v -1.594514 0.000000 -0.481861
v -1.626676 0.000000 -0.497274
v -1.661893 0.000000 -0.508701
v -1.700010 0.000000 -0.515806
v -1.740875 0.000000 -0.518250
v -1.781095 0.000000 -0.515792
v -1.818761 0.000000 -0.508649
v -1.853692 0.000000 -0.497168
v -1.885708 0.000000 -0.481694
v -1.914632 0.000000 -0.462575
v -1.940281 0.000000 -0.440156
v -1.962478 0.000000 -0.414784
v -1.981042 0.000000 -0.386806
v -1.995793 0.000000 -0.356566
v -2.006552 0.000000 -0.324413
v -2.013139 0.000000 -0.290692
v -1.939625 0.000000 -0.255750
v -1.937892 0.000000 -0.283220
v -1.932820 0.000000 -0.309257
v -1.924602 0.000000 -0.333680
v -1.913431 0.000000 -0.356306
v -1.899499 0.000000 -0.376952
v -1.883000 0.000000 -0.395438
v -1.864126 0.000000 -0.411579
v -1.843070 0.000000 -0.425194
v -1.820024 0.000000 -0.436102
v -1.795181 0.000000 -0.444118
v -1.768734 0.000000 -0.449062
v -1.740875 0.000000 -0.450750
v -1.712844 0.000000 -0.449062
v -1.686254 0.000000 -0.444118
v -1.661293 0.000000 -0.436102
v -1.638153 0.000000 -0.425194
v -1.617023 0.000000 -0.411579
v -1.598094 0.000000 -0.395437
v -1.581555 0.000000 -0.376952
v -1.567598 0.000000 -0.356306
v -1.556410 0.000000 -0.333680
v -1.548184 0.000000 -0.309257
v -1.543109 0.000000 -0.283220
v -1.541375 0.000000 -0.255750
v -1.543109 0.000000 -0.228438
v -1.548184 0.000000 -0.202503
v -1.556410 0.000000 -0.178137
v -1.567597 0.000000 -0.155528
v -1.581555 0.000000 -0.134867
v -1.598094 0.000000 -0.116344
v -1.617023 0.000000 -0.100149
v -1.638153 0.000000 -0.086472
v -1.661293 0.000000 -0.075504
v -1.686254 0.000000 -0.067434
v -1.712844 0.000000 -0.062453
v -1.740875 0.000000 -0.060750
v -1.768734 0.000000 -0.062453
v -1.795181 0.000000 -0.067434
v -1.820024 0.000000 -0.075504
v -1.843070 0.000000 -0.086472
v -1.864126 0.000000 -0.100149
v -1.883000 0.000000 -0.116344
v -1.899499 0.000000 -0.134867
v -1.913431 0.000000 -0.155528
v -1.924602 0.000000 -0.178137
v -1.932820 0.000000 -0.202503
v -1.937892 0.000000 -0.228438
v -2.066125 0.000000 -0.682000
v -2.636125 0.000000 -0.682000
v -2.636125 0.000000 -0.594000
v -2.400125 0.000000 -0.594000
v -2.400125 0.000000 0.000000
v -2.302125 0.000000 0.000000
v -2.302125 0.000000 -0.594000
v -2.066125 0.000000 -0.594000
v 2.257875 -0.300000 -0.511500
v 2.257875 -0.300000 0.000000
v 2.331375 -0.300000 0.000000
v 2.331375 -0.300000 -0.222000
v 2.362125 -0.300000 -0.222000
v 2.371385 -0.300000 -0.221703
v 2.380514 -0.300000 -0.220625
v 2.389664 -0.300000 -0.218484
v 2.398986 -0.300000 -0.215000
v 2.408631 -0.300000 -0.209891
v 2.418750 -0.300000 -0.202875
v 2.429494 -0.300000 -0.193672
v 2.441014 -0.300000 -0.182000
v 2.453461 -0.300000 -0.167578
v 2.466986 -0.300000 -0.150125
v 2.481741 -0.300000 -0.129359
v 2.497875 -0.300000 -0.105000
v 2.565375 -0.300000 0.000000
v 2.653125 -0.300000 0.000000
v 2.644763 -0.300000 -0.011560
v 2.637229 -0.300000 -0.021979
v 2.630414 -0.300000 -0.031430
v 2.624208 -0.300000 -0.040083
v 2.618503 -0.300000 -0.048112
v 2.613188 -0.300000 -0.055687
v 2.608154 -0.300000 -0.062982
v 2.603292 -0.300000 -0.070167
v 2.598492 -0.300000 -0.077414
v 2.593646 -0.300000 -0.084896
v 2.588643 -0.300000 -0.092784
v 2.583375 -0.300000 -0.101250
v 2.573828 -0.300000 -0.116844
v 2.564618 -0.300000 -0.131750
v 2.555649 -0.300000 -0.145969
v 2.546820 -0.300000 -0.159500
v 2.538033 -0.300000 -0.172344
v 2.529188 -0.300000 -0.184500
v 2.520187 -0.300000 -0.195969
v 2.510931 -0.300000 -0.206750
v 2.501321 -0.300000 -0.216844
v 2.491257 -0.300000 -0.226250
v 2.480642 -0.300000 -0.234969
v 2.469375 -0.300000 -0.243000
v 2.482559 -0.300000 -0.248902
v 2.494719 -0.300000 -0.255715
v 2.505832 -0.300000 -0.263414
v 2.515875 -0.300000 -0.271972
v 2.524824 -0.300000 -0.281364
v 2.532656 -0.300000 -0.291562
v 2.539348 -0.300000 -0.302543
v 2.544875 -0.300000 -0.314278
v 2.549215 -0.300000 -0.326742
v 2.552344 -0.300000 -0.339910
v 2.554238 -0.300000 -0.353754
v 2.554875 -0.300000 -0.368250
v 2.553546 -0.300000 -0.389660
v 2.549618 -0.300000 -0.409590
v 2.543180 -0.300000 -0.427969
v 2.534320 -0.300000 -0.444722
v 2.523126 -0.300000 -0.459778
v 2.509688 -0.300000 -0.473063
v 2.494093 -0.300000 -0.484503
v 2.476431 -0.300000 -0.494028
v 2.456789 -0.300000 -0.501563
v 2.435257 -0.300000 -0.507035
v 2.411923 -0.300000 -0.510372
v 2.386875 -0.300000 -0.511500
v 2.331375 -0.300000 -0.448500
v 2.378625 -0.300000 -0.448500
v 2.395556 -0.300000 -0.447897
v 2.410757 -0.300000 -0.446111
v 2.424281 -0.300000 -0.443180
v 2.436181 -0.300000 -0.439139
v 2.446507 -0.300000 -0.434025
v 2.455312 -0.300000 -0.427875
v 2.462649 -0.300000 -0.420725
v 2.468570 -0.300000 -0.412611
v 2.473125 -0.300000 -0.403570
v 2.476368 -0.300000 -0.393639
v 2.478351 -0.300000 -0.382853
v 2.479125 -0.300000 -0.371250
v 2.478809 -0.300000 -0.360632
v 2.477410 -0.300000 -0.350240
v 2.474813 -0.300000 -0.340207
v 2.470903 -0.300000 -0.330667
v 2.465566 -0.300000 -0.321751
v 2.458688 -0.300000 -0.313594
v 2.450153 -0.300000 -0.306327
v 2.439847 -0.300000 -0.300083
v 2.427656 -0.300000 -0.294996
v 2.413465 -0.300000 -0.291198
v 2.397160 -0.300000 -0.288822
v 2.378625 -0.300000 -0.288000
v 2.331375 -0.300000 -0.288000
v 2.155125 -0.300000 -0.511500
v 2.081625 -0.300000 -0.511500
v 2.081625 -0.300000 -0.213750
v 2.081492 -0.300000 -0.201969
v 2.081059 -0.300000 -0.190628
v 2.080277 -0.300000 -0.179730
v 2.079097 -0.300000 -0.169278
v 2.077469 -0.300000 -0.159273
v 2.075344 -0.300000 -0.149719
v 2.072671 -0.300000 -0.140618
v 2.069403 -0.300000 -0.131972
v 2.065488 -0.300000 -0.123785
v 2.060878 -0.300000 -0.116059
v 2.055524 -0.300000 -0.108796
v 2.049375 -0.300000 -0.102000
v 2.043204 -0.300000 -0.096304
v 2.036319 -0.300000 -0.090872
v 2.028727 -0.300000 -0.085746
v 2.020431 -0.300000 -0.080972
v 2.011437 -0.300000 -0.076594
v 2.001750 -0.300000 -0.072656
v 1.991376 -0.300000 -0.069203
v 1.980319 -0.300000 -0.066278
v 1.968586 -0.300000 -0.063926
v 1.956181 -0.300000 -0.062191
v 1.943109 -0.300000 -0.061118
v 1.929375 -0.300000 -0.060750
v 1.918469 -0.300000 -0.061047
v 1.907875 -0.300000 -0.061941
v 1.897594 -0.300000 -0.063434
v 1.887625 -0.300000 -0.065528
v 1.877969 -0.300000 -0.068226
v 1.868625 -0.300000 -0.071531
v 1.859594 -0.300000 -0.075446
v 1.850875 -0.300000 -0.079972
v 1.842469 -0.300000 -0.085113
v 1.834375 -0.300000 -0.090872
v 1.826594 -0.300000 -0.097250
v 1.819125 -0.300000 -0.104250
v 1.813636 -0.300000 -0.110097
v 1.808774 -0.300000 -0.116090
v 1.804512 -0.300000 -0.122344
v 1.800820 -0.300000 -0.128972
v 1.797669 -0.300000 -0.136090
v 1.795031 -0.300000 -0.143813
v 1.792878 -0.300000 -0.152253
v 1.791181 -0.300000 -0.161528
v 1.789910 -0.300000 -0.171750
v 1.789038 -0.300000 -0.183035
v 1.788536 -0.300000 -0.195497
v 1.788375 -0.300000 -0.209250
v 1.788375 -0.300000 -0.511500
v 1.714875 -0.300000 -0.511500
v 1.714875 -0.300000 -0.193500
v 1.717004 -0.300000 -0.160255
v 1.723153 -0.300000 -0.130229
v 1.732969 -0.300000 -0.103359
v 1.746097 -0.300000 -0.079583
v 1.762184 -0.300000 -0.058839
v 1.780875 -0.300000 -0.041063
v 1.801816 -0.300000 -0.026193
v 1.824653 -0.300000 -0.014167
v 1.849031 -0.300000 -0.004922
v 1.874597 -0.300000 0.001604
v 1.900997 -0.300000 0.005474
v 1.927875 -0.300000 0.006750
v 1.964329 -0.300000 0.005054
v 1.997573 -0.300000 0.000059
v 2.027613 -0.300000 -0.008098
v 2.054458 -0.300000 -0.019278
v 2.078116 -0.300000 -0.033343
v 2.098594 -0.300000 -0.050156
v 2.115900 -0.300000 -0.069579
v 2.130042 -0.300000 -0.091472
v 2.141027 -0.300000 -0.115699
v 2.148865 -0.300000 -0.142122
v 2.153561 -0.300000 -0.170601
v 2.155125 -0.300000 -0.201000
v 1.085625 -0.300000 -0.255750
v 1.087802 -0.300000 -0.221438
v 1.094233 -0.300000 -0.188128
v 1.104762 -0.300000 -0.156199
v 1.119236 -0.300000 -0.126028
v 1.137502 -0.300000 -0.097992
v 1.159406 -0.300000 -0.072469
v 1.184795 -0.300000 -0.049836
v 1.213514 -0.300000 -0.030472
v 1.245410 -0.300000 -0.014754
v 1.280330 -0.300000 -0.003059
v 1.318119 -0.300000 0.004235
v 1.358625 -0.300000 0.006750
v 1.400465 -0.300000 0.004220
v 1.439281 -0.300000 -0.003111
v 1.474957 -0.300000 -0.014859
v 1.507375 -0.300000 -0.030639
v 1.536418 -0.300000 -0.050064
v 1.561969 -0.300000 -0.072750
v 1.583910 -0.300000 -0.098311
v 1.602125 -0.300000 -0.126361
v 1.616496 -0.300000 -0.156516
v 1.626906 -0.300000 -0.188389
v 1.633238 -0.300000 -0.221595
v 1.635375 -0.300000 -0.255750
v 1.633182 -0.300000 -0.290850
v 1.626705 -0.300000 -0.324674
v 1.616098 -0.300000 -0.356883
v 1.601514 -0.300000 -0.387139
v 1.583107 -0.300000 -0.415103
v 1.561031 -0.300000 -0.440438
v 1.535439 -0.300000 -0.462803
v 1.506486 -0.300000 -0.481861
v 1.474324 -0.300000 -0.497274
v 1.439107 -0.300000 -0.508701
v 1.400990 -0.300000 -0.515806
v 1.360125 -0.300000 -0.518250
v 1.319905 -0.300000 -0.515792
v 1.282239 -0.300000 -0.508649
v 1.247308 -0.300000 -0.497168
v 1.215292 -0.300000 -0.481694
v 1.186368 -0.300000 -0.462575
v 1.160719 -0.300000 -0.440156
v 1.138522 -0.300000 -0.414784
v 1.119958 -0.300000 -0.386806
v 1.105207 -0.300000 -0.356566
v 1.094448 -0.300000 -0.324413
v 1.087861 -0.300000 -0.290692
v 1.161375 -0.300000 -0.255750
v 1.163108 -0.300000 -0.283220
v 1.168180 -0.300000 -0.309257
v 1.176398 -0.300000 -0.333680
v 1.187569 -0.300000 -0.356306
v 1.201501 -0.300000 -0.376952
v 1.218000 -0.300000 -0.395438
v 1.236874 -0.300000 -0.411579
v 1.257931 -0.300000 -0.425194
v 1.280977 -0.300000 -0.436102
v 1.305819 -0.300000 -0.444118
v 1.332266 -0.300000 -0.449062
v 1.360125 -0.300000 -0.450750
v 1.388156 -0.300000 -0.449062
v 1.414746 -0.300000 -0.444118
v 1.439707 -0.300000 -0.436102
v 1.462847 -0.300000 -0.425194
v 1.483977 -0.300000 -0.411579
v 1.502906 -0.300000 -0.395437
v 1.519445 -0.300000 -0.376952
v 1.533403 -0.300000 -0.356306
v 1.544590 -0.300000 -0.333680
v 1.552816 -0.300000 -0.309257
v 1.557891 -0.300000 -0.283220
v 1.559625 -0.300000 -0.255750
v 1.557891 -0.300000 -0.228438
v 1.552816 -0.300000 -0.202503
v 1.544590 -0.300000 -0.178137
v 1.533403 -0.300000 -0.155528
v 1.519445 -0.300000 -0.134867
v 1.502906 -0.300000 -0.116344
v 1.483977 -0.300000 -0.100149
v 1.462847 -0.300000 -0.086472
v 1.439707 -0.300000 -0.075504
v 1.414747 -0.300000 -0.067434
v 1.388156 -0.300000 -0.062453
v 1.360125 -0.300000 -0.060750
v 1.332266 -0.300000 -0.062453
v 1.305819 -0.300000 -0.067434
v 1.280976 -0.300000 -0.075504
v 1.257930 -0.300000 -0.086472
v 1.236874 -0.300000 -0.100149
v 1.218000 -0.300000 -0.116344
v 1.201501 -0.300000 -0.134867
v 1.187569 -0.300000 -0.155528
v 1.176398 -0.300000 -0.178137
v 1.168180 -0.300000 -0.202503
v 1.163108 -0.300000 -0.228438
v 1.034875 -0.300000 -0.682000
v 0.464875 -0.300000 -0.682000
v 0.464875 -0.300000 -0.594000
v 0.700875 -0.300000 -0.594000
v 0.700875 -0.300000 0.000000
v 0.798875 -0.300000 0.000000
v 0.798875 -0.300000 -0.594000
v 1.034875 -0.300000 -0.594000
v 0.125625 -0.300000 -0.482250
v 0.116564 -0.300000 -0.488000
v 0.107389 -0.300000 -0.493250
v 0.098109 -0.300000 -0.498000
v 0.088736 -0.300000 -0.502250
v 0.079279 -0.300000 -0.506000
v 0.069750 -0.300000 -0.509250
v 0.060158 -0.300000 -0.512000
v 0.050514 -0.300000 -0.514250
v 0.040828 -0.300000 -0.516000
v 0.031111 -0.300000 -0.517250
v 0.021373 -0.300000 -0.518000
v 0.011625 -0.300000 -0.518250
v -0.011124 -0.300000 -0.517154
v -0.032427 -0.300000 -0.513920
v -0.052184 -0.300000 -0.508629
v -0.070292 -0.300000 -0.501361
v -0.086650 -0.300000 -0.492197
v -0.101156 -0.300000 -0.481219
v -0.113710 -0.300000 -0.468506
v -0.124209 -0.300000 -0.454139
v -0.132551 -0.300000 -0.438199
v -0.138636 -0.300000 -0.420767
v -0.142361 -0.300000 -0.401924
v -0.143625 -0.300000 -0.381750
v -0.139272 -0.300000 -0.349231
v -0.127236 -0.300000 -0.321285
v -0.109055 -0.300000 -0.297141
v -0.086264 -0.300000 -0.276028
v -0.060400 -0.300000 -0.257175
v -0.033000 -0.300000 -0.239813
v -0.005600 -0.300000 -0.223168
v 0.020264 -0.300000 -0.206472
v 0.043054 -0.300000 -0.188953
v 0.061236 -0.300000 -0.169840
v 0.073271 -0.300000 -0.148363
v 0.077625 -0.300000 -0.123750
v 0.077075 -0.300000 -0.116494
v 0.075416 -0.300000 -0.109076
v 0.072633 -0.300000 -0.101648
v 0.068708 -0.300000 -0.094361
v 0.063627 -0.300000 -0.087365
v 0.057375 -0.300000 -0.080812
v 0.049935 -0.300000 -0.074853
v 0.041291 -0.300000 -0.069639
v 0.031429 -0.300000 -0.065320
v 0.020333 -0.300000 -0.062049
v 0.007987 -0.300000 -0.059975
v -0.005625 -0.300000 -0.059250
v -0.018121 -0.300000 -0.059794
v -0.030469 -0.300000 -0.061417
v -0.042645 -0.300000 -0.064102
v -0.054625 -0.300000 -0.067833
v -0.066387 -0.300000 -0.072596
v -0.077906 -0.300000 -0.078375
v -0.089160 -0.300000 -0.085154
v -0.100125 -0.300000 -0.092917
v -0.110778 -0.300000 -0.101648
v -0.121094 -0.300000 -0.111333
v -0.131051 -0.300000 -0.121956
v -0.140625 -0.300000 -0.133500
v -0.140625 -0.300000 -0.040500
v -0.129886 -0.300000 -0.032796
v -0.119025 -0.300000 -0.025802
v -0.108012 -0.300000 -0.019512
v -0.096820 -0.300000 -0.013917
v -0.085419 -0.300000 -0.009009
v -0.073781 -0.300000 -0.004781
v -0.061878 -0.300000 -0.001225
v -0.049681 -0.300000 0.001667
v -0.037160 -0.300000 0.003902
v -0.024288 -0.300000 0.005490
v -0.011036 -0.300000 0.006436
v 0.002625 -0.300000 0.006750
v 0.022774 -0.300000 0.005553
v 0.041882 -0.300000 0.002045
v 0.059812 -0.300000 -0.003645
v 0.076430 -0.300000 -0.011389
v 0.091600 -0.300000 -0.021060
v 0.105187 -0.300000 -0.032531
v 0.117055 -0.300000 -0.045674
v 0.127069 -0.300000 -0.060361
v 0.135094 -0.300000 -0.076465
v 0.140993 -0.300000 -0.093858
v 0.144632 -0.300000 -0.112412
v 0.145875 -0.300000 -0.132000
v 0.141521 -0.300000 -0.169418
v 0.129486 -0.300000 -0.200910
v 0.111304 -0.300000 -0.227391
v 0.088514 -0.300000 -0.249778
v 0.062650 -0.300000 -0.268988
v 0.035250 -0.300000 -0.285938
v 0.007850 -0.300000 -0.301543
v -0.018014 -0.300000 -0.316722
v -0.040805 -0.300000 -0.332391
v -0.058986 -0.300000 -0.349465
v -0.071022 -0.300000 -0.368863
v -0.075375 -0.300000 -0.391500
v -0.074684 -0.300000 -0.400258
v -0.072656 -0.300000 -0.408500
v -0.069363 -0.300000 -0.416180
v -0.064875 -0.300000 -0.423250
v -0.059262 -0.300000 -0.429664
v -0.052594 -0.300000 -0.435375
v -0.044942 -0.300000 -0.440336
v -0.036375 -0.300000 -0.444500
v -0.026965 -0.300000 -0.447820
v -0.016781 -0.300000 -0.450250
v -0.005895 -0.300000 -0.451742
v 0.005625 -0.300000 -0.452250
v 0.014403 -0.300000 -0.451990
v 0.023472 -0.300000 -0.451170
v 0.032812 -0.300000 -0.449730
v 0.042403 -0.300000 -0.447611
v 0.052222 -0.300000 -0.444752
v 0.062250 -0.300000 -0.441094
v 0.072465 -0.300000 -0.436576
v 0.082847 -0.300000 -0.431139
v 0.093375 -0.300000 -0.424723
v 0.104028 -0.300000 -0.417267
v 0.114785 -0.300000 -0.408713
v 0.125625 -0.300000 -0.399000
v -0.288625 -0.300000 -0.462000
v -0.246625 -0.300000 -0.462000
v -0.223625 -0.300000 -0.599000
v -0.223625 -0.300000 -0.716000
v -0.311625 -0.300000 -0.716000
v -0.311625 -0.300000 -0.599000
v -0.756875 -0.300000 -0.511500
v -0.756875 -0.300000 0.000000
v -0.683375 -0.300000 0.000000
v -0.683375 -0.300000 -0.222000
v -0.652625 -0.300000 -0.222000
v -0.643366 -0.300000 -0.221703
v -0.634236 -0.300000 -0.220625
v -0.625086 -0.300000 -0.218484
v -0.615764 -0.300000 -0.215000
v -0.606119 -0.300000 -0.209891
v -0.596000 -0.300000 -0.202875
v -0.585256 -0.300000 -0.193672
v -0.573736 -0.300000 -0.182000
v -0.561289 -0.300000 -0.167578
v -0.547764 -0.300000 -0.150125
v -0.533010 -0.300000 -0.129359
v -0.516875 -0.300000 -0.105000
v -0.449375 -0.300000 0.000000
v -0.361625 -0.300000 0.000000
v -0.369987 -0.300000 -0.011560
v -0.377521 -0.300000 -0.021979
v -0.384336 -0.300000 -0.031430
v -0.390542 -0.300000 -0.040083
v -0.396248 -0.300000 -0.048112
v -0.401563 -0.300000 -0.055687
v -0.406597 -0.300000 -0.062982
v -0.411459 -0.300000 -0.070167
v -0.416258 -0.300000 -0.077414
v -0.421104 -0.300000 -0.084896
v -0.426107 -0.300000 -0.092784
v -0.431375 -0.300000 -0.101250
v -0.440923 -0.300000 -0.116844
v -0.450132 -0.300000 -0.131750
v -0.459102 -0.300000 -0.145969
v -0.467931 -0.300000 -0.159500
v -0.476718 -0.300000 -0.172344
v -0.485563 -0.300000 -0.184500
v -0.494564 -0.300000 -0.195969
v -0.503820 -0.300000 -0.206750
v -0.513430 -0.300000 -0.216844
v -0.523493 -0.300000 -0.226250
v -0.534109 -0.300000 -0.234969
v -0.545375 -0.300000 -0.243000
v -0.532192 -0.300000 -0.248902
v -0.520032 -0.300000 -0.255715
v -0.508918 -0.300000 -0.263414
v -0.498875 -0.300000 -0.271972
v -0.489926 -0.300000 -0.281364
v -0.482094 -0.300000 -0.291562
v -0.475403 -0.300000 -0.302543
v -0.469875 -0.300000 -0.314278
v -0.465535 -0.300000 -0.326742
v -0.462407 -0.300000 -0.339910
v -0.460512 -0.300000 -0.353754
v -0.459875 -0.300000 -0.368250
v -0.461204 -0.300000 -0.389660
v -0.465132 -0.300000 -0.409590
v -0.471571 -0.300000 -0.427969
v -0.480431 -0.300000 -0.444722
v -0.491624 -0.300000 -0.459778
v -0.505063 -0.300000 -0.473063
v -0.520657 -0.300000 -0.484503
v -0.538320 -0.300000 -0.494028
v -0.557961 -0.300000 -0.501563
v -0.579493 -0.300000 -0.507035
v -0.602828 -0.300000 -0.510372
v -0.627875 -0.300000 -0.511500
v -0.683375 -0.300000 -0.448500
v -0.636125 -0.300000 -0.448500
v -0.619195 -0.300000 -0.447897
v -0.603993 -0.300000 -0.446111
v -0.590469 -0.300000 -0.443180
v -0.578570 -0.300000 -0.439139
v -0.568243 -0.300000 -0.434025
v -0.559438 -0.300000 -0.427875
v -0.552101 -0.300000 -0.420725
v -0.546181 -0.300000 -0.412611
v -0.541625 -0.300000 -0.403570
v -0.538382 -0.300000 -0.393639
v -0.536400 -0.300000 -0.382853
v -0.535625 -0.300000 -0.371250
v -0.535941 -0.300000 -0.360632
v -0.537341 -0.300000 -0.350240
v -0.539938 -0.300000 -0.340207
v -0.543847 -0.300000 -0.330667
v -0.549184 -0.300000 -0.321751
v -0.556063 -0.300000 -0.313594
v -0.564597 -0.300000 -0.306327
v -0.574903 -0.300000 -0.300083
v -0.587094 -0.300000 -0.294996
v -0.601285 -0.300000 -0.291198
v -0.617591 -0.300000 -0.288822
v -0.636125 -0.300000 -0.288000
v -0.683375 -0.300000 -0.288000
v -1.398125 -0.300000 -0.255750
v -1.395948 -0.300000 -0.221438
v -1.389518 -0.300000 -0.188128
v -1.378989 -0.300000 -0.156199
v -1.364514 -0.300000 -0.126028
v -1.346248 -0.300000 -0.097992
v -1.324344 -0.300000 -0.072469
v -1.298955 -0.300000 -0.049836
v -1.270236 -0.300000 -0.030472
v -1.238340 -0.300000 -0.014754
v -1.203420 -0.300000 -0.003059
v -1.165631 -0.300000 0.004235
v -1.125125 -0.300000 0.006750
v -1.083285 -0.300000 0.004220
v -1.044469 -0.300000 -0.003111
v -1.008793 -0.300000 -0.014859
v -0.976375 -0.300000 -0.030639
v -0.947332 -0.300000 -0.050064
v -0.921781 -0.300000 -0.072750
v -0.899840 -0.300000 -0.098311
v -0.881625 -0.300000 -0.126361
v -0.867254 -0.300000 -0.156516
v -0.856844 -0.300000 -0.188389
v -0.850512 -0.300000 -0.221595
v -0.848375 -0.300000 -0.255750
v -0.850568 -0.300000 -0.290850
v -0.857045 -0.300000 -0.324674
v -0.867653 -0.300000 -0.356883
v -0.882236 -0.300000 -0.387139
v -0.900643 -0.300000 -0.415103
v -0.922719 -0.300000 -0.440438
v -0.948311 -0.300000 -0.462803
v -0.977264 -0.300000 -0.481861
v -1.009426 -0.300000 -0.497274
v -1.044643 -0.300000 -0.508701
v -1.082760 -0.300000 -0.515806
v -1.123625 -0.300000 -0.518250
v -1.163845 -0.300000 -0.515792
v -1.201511 -0.300000 -0.508649
v -1.236442 -0.300000 -0.497168
v -1.268458 -0.300000 -0.481694
v -1.297382 -0.300000 -0.462575
v -1.323031 -0.300000 -0.440156
v -1.345228 -0.300000 -0.414784
v -1.363792 -0.300000 -0.386806
v -1.378543 -0.300000 -0.356566
v -1.389302 -0.300000 -0.324413
v -1.395890 -0.300000 -0.290692
v -1.322375 -0.300000 -0.255750
v -1.320642 -0.300000 -0.283220
v -1.315570 -0.300000 -0.309257
v -1.307352 -0.300000 -0.333680
v -1.296181 -0.300000 -0.356306
v -1.282249 -0.300000 -0.376952
v -1.265750 -0.300000 -0.395438
v -1.246876 -0.300000 -0.411579
v -1.225820 -0.300000 -0.425194
v -1.202774 -0.300000 -0.436102
v -1.177931 -0.300000 -0.444118
v -1.151484 -0.300000 -0.449062
v -1.123625 -0.300000 -0.450750
v -1.095594 -0.300000 -0.449062
v -1.069004 -0.300000 -0.444118
v -1.044043 -0.300000 -0.436102
v -1.020903 -0.300000 -0.425194
v -0.999773 -0.300000 -0.411579
v -0.980844 -0.300000 -0.395437
v -0.964305 -0.300000 -0.376952
v -0.950347 -0.300000 -0.356306
v -0.939160 -0.300000 -0.333680
v -0.930934 -0.300000 -0.309257
v -0.925859 -0.300000 -0.283220
v -0.924125 -0.300000 -0.255750
v -0.925859 -0.300000 -0.228438
v -0.930934 -0.300000 -0.202503
v -0.939160 -0.300000 -0.178137
v -0.950347 -0.300000 -0.155528
v -0.964305 -0.300000 -0.134867
v -0.980844 -0.300000 -0.116344
v -0.999773 -0.300000 -0.100149
v -1.020903 -0.300000 -0.086472
v -1.044043 -0.300000 -0.075504
v -1.069004 -0.300000 -0.067434
v -1.095594 -0.300000 -0.062453
v -1.123625 -0.300000 -0.060750
v -1.151484 -0.300000 -0.062453
v -1.177931 -0.300000 -0.067434
v -1.202774 -0.300000 -0.075504
v -1.225820 -0.300000 -0.086472
v -1.246876 -0.300000 -0.100149
v -1.265750 -0.300000 -0.116344
v -1.282249 -0.300000 -0.134867
v -1.296181 -0.300000 -0.155528
v -1.307352 -0.300000 -0.178137
v -1.315570 -0.300000 -0.202503
v -1.320642 -0.300000 -0.228438
v -2.015375 -0.300000 -0.255750
v -2.013198 -0.300000 -0.221438
v -2.006768 -0.300000 -0.188128
v -1.996238 -0.300000 -0.156199
v -1.981764 -0.300000 -0.126028
v -1.963498 -0.300000 -0.097992
v -1.941594 -0.300000 -0.072469
v -1.916205 -0.300000 -0.049836
v -1.887486 -0.300000 -0.030472
v -1.855590 -0.300000 -0.014754
v -1.820670 -0.300000 -0.003059
v -1.782881 -0.300000 0.004235
v -1.742375 -0.300000 0.006750
v -1.700535 -0.300000 0.004220
v -1.661719 -0.300000 -0.003111
v -1.626043 -0.300000 -0.014859
v -1.593625 -0.300000 -0.030639
v -1.564582 -0.300000 -0.050064
v -1.539031 -0.300000 -0.072750
v -1.517090 -0.300000 -0.098311
v -1.498875 -0.300000 -0.126361
v -1.484504 -0.300000 -0.156516
v -1.474094 -0.300000 -0.188389
v -1.467762 -0.300000 -0.221595
v -1.465625 -0.300000 -0.255750
v -1.467818 -0.300000 -0.290850
v -1.474295 -0.300000 -0.324674
v -1.484903 -0.300000 -0.356883
v -1.499486 -0.300000 -0.387139
v -1.517893 -0.300000 -0.415103
v -1.539969 -0.300000 -0.440438
v -1.565561 -0.300000 -0.462803
v -1.594514 -0.300000 -0.481861
v -1.626676 -0.300000 -0.497274
v -1.661893 -0.300000 -0.508701
v -1.700010 -0.300000 -0.515806
v -1.740875 -0.300000 -0.518250
v -1.781095 -0.300000 -0.515792
v -1.818761 -0.300000 -0.508649
v -1.853692 -0.300000 -0.497168
v -1.885708 -0.300000 -0.481694
v -1.914632 -0.300000 -0.462575
v -1.940281 -0.300000 -0.440156
v -1.962478 -0.300000 -0.414784
v -1.981042 -0.300000 -0.386806
v -1.995793 -0.300000 -0.356566
v -2.006552 -0.300000 -0.324413
v -2.013139 -0.300000 -0.290692
v -1.939625 -0.300000 -0.255750
v -1.937892 -0.300000 -0.283220
v -1.932820 -0.300000 -0.309257
v -1.924602 -0.300000 -0.333680
v -1.913431 -0.300000 -0.356306
v -1.899499 -0.300000 -0.376952
v -1.883000 -0.300000 -0.395438
v -1.864126 -0.300000 -0.411579
v -1.843070 -0.300000 -0.425194
v -1.820024 -0.300000 -0.436102
v -1.795181 -0.300000 -0.444118
v -1.768734 -0.300000 -0.449062
v -1.740875 -0.300000 -0.450750
v -1.712844 -0.300000 -0.449062
v -1.686254 -0.300000 -0.444118
v -1.661293 -0.300000 -0.436102
v -1.638153 -0.300000 -0.425194
v -1.617023 -0.300000 -0.411579
v -1.598094 -0.300000 -0.395437
v -1.581555 -0.300000 -0.376952
v -1.567598 -0.300000 -0.356306
v -1.556410 -0.300000 -0.333680
v -1.548184 -0.300000 -0.309257
v -1.543109 -0.300000 -0.283220
v -1.541375 -0.300000 -0.255750
v -1.543109 -0.300000 -0.228438
v -1.548184 -0.300000 -0.202503
v -1.556410 -0.300000 -0.178137
v -1.567597 -0.300000 -0.155528
v -1.581555 -0.300000 -0.134867
v -1.598094 -0.300000 -0.116344
v -1.617023 -0.300000 -0.100149
v -1.638153 -0.300000 -0.086472
v -1.661293 -0.300000 -0.075504
v -1.686254 -0.300000 -0.067434
v -1.712844 -0.300000 -0.062453
v -1.740875 -0.300000 -0.060750
v -1.768734 -0.300000 -0.062453
v -1.795181 -0.300000 -0.067434
v -1.820024 -0.300000 -0.075504
v -1.843070 -0.300000 -0.086472
v -1.864126 -0.300000 -0.100149
v -1.883000 -0.300000 -0.116344
v -1.899499 -0.300000 -0.134867
v -1.913431 -0.300000 -0.155528
v -1.924602 -0.300000 -0.178137
v -1.932820 -0.300000 -0.202503
v -1.937892 -0.300000 -0.228438
v -2.066125 -0.300000 -0.682000
v -2.636125 -0.300000 -0.682000
v -2.636125 -0.300000 -0.594000
v -2.400125 -0.300000 -0.594000
v -2.400125 -0.300000 0.000000
v -2.302125 -0.300000 0.000000
v -2.302125 -0.300000 -0.594000
v -2.066125 -0.300000 -0.594000
vn -0.0000 1.0000 -0.0000
vn -0.0000 -1.0000 -0.0000
vn -0.0000 -0.0000 1.0000
vn 1.0000 -0.0000 -0.0000
vn -1.0000 -0.0000 -0.0000
vn -0.1173 -0.0000 0.9931
vn -0.0320 -0.0000 0.9995
vn -0.0000 -0.0000 -1.0000
vn -0.3501 -0.0000 0.9367
vn -0.4681 -0.0000 0.8837
vn -0.1442 -0.0000 -0.9895
vn -0.1167 -0.0000 0.9932
vn 0.0450 -0.0000 -0.9990
vn -0.2278 -0.0000 0.9737
vn -0.0443 -0.0000 -0.9990
vn -0.0356 -0.0000 0.9994
vn -0.5182 -0.0000 -0.8553
vn -0.4438 -0.0000 0.8961
vn 0.3582 -0.0000 -0.9337
vn -0.6505 -0.0000 0.7595
vn -0.5698 -0.0000 0.8218
vn -0.2585 -0.0000 -0.9660
vn -0.3851 -0.0000 -0.9229
vn -0.3216 -0.0000 0.9469
vn 0.2463 -0.0000 -0.9692
vn -0.2118 -0.0000 0.9773
vn 0.1416 -0.0000 -0.9899
vn 0.8086 -0.0000 -0.5883
vn 0.8102 -0.0000 -0.5861
vn 0.8104 -0.0000 -0.5859
vn 0.8111 -0.0000 -0.5849
vn 0.8126 -0.0000 -0.5828
vn 0.8151 -0.0000 -0.5793
vn 0.8186 -0.0000 -0.5744
vn 0.8230 -0.0000 -0.5680
vn 0.8282 -0.0000 -0.5604
vn 0.8337 -0.0000 -0.5521
vn 0.8393 -0.0000 -0.5437
vn 0.8445 -0.0000 -0.5356
vn -0.8412 -0.0000 0.5408
vn 0.8491 -0.0000 -0.5283
vn 0.8528 -0.0000 -0.5222
vn 0.8507 -0.0000 -0.5256
vn 0.8458 -0.0000 -0.5335
vn 0.8375 -0.0000 -0.5464
vn -0.8337 -0.0000 0.5522
vn 0.8253 -0.0000 -0.5647
vn 0.9981 -0.0000 -0.0620
vn -0.8152 -0.0000 0.5792
vn 0.7867 -0.0000 -0.6174
vn 0.7587 -0.0000 -0.6514
vn -0.7904 -0.0000 0.6125
vn 0.7242 -0.0000 -0.6895
vn 0.6828 -0.0000 -0.7306
vn -0.7570 -0.0000 0.6534
vn 0.6347 -0.0000 -0.7728
vn -0.7117 -0.0000 0.7025
vn 0.5804 -0.0000 -0.8143
vn 0.4086 -0.0000 0.9127
vn 0.4888 -0.0000 0.8724
vn -0.6483 -0.0000 -0.7614
vn 0.5695 -0.0000 0.8220
vn 0.6486 -0.0000 0.7611
vn -0.7645 -0.0000 -0.6446
vn 0.7239 -0.0000 0.6899
vn -0.8580 -0.0000 -0.5136
vn 0.7931 -0.0000 0.6091
vn 0.8539 -0.0000 0.5204
vn -0.9253 -0.0000 -0.3792
vn 0.9047 -0.0000 0.4261
vn 0.9444 -0.0000 0.3288
vn -0.9681 -0.0000 -0.2506
vn 0.9729 -0.0000 0.2312
vn -0.9911 -0.0000 -0.1334
vn 0.9908 -0.0000 0.1356
vn 0.9990 -0.0000 0.0439
vn -0.9996 -0.0000 -0.0297
vn -0.9978 -0.0000 0.0666
vn 0.9811 -0.0000 -0.1934
vn -0.9835 -0.0000 0.1808
vn 0.9438 -0.0000 -0.3306
vn -0.9506 -0.0000 0.3104
vn 0.8840 -0.0000 -0.4675
vn -0.8930 -0.0000 0.4500
vn 0.8025 -0.0000 -0.5966
vn -0.8078 -0.0000 0.5894
vn 0.7030 -0.0000 -0.7112
vn -0.6979 -0.0000 0.7162
vn 0.5915 -0.0000 -0.8063
vn -0.5726 -0.0000 0.8198
vn 0.4746 -0.0000 -0.8802
vn -0.8754 -0.0000 0.4834
vn 0.9144 -0.0000 -0.4048
vn 0.9463 -0.0000 -0.3232
vn -0.9393 -0.0000 0.3431
vn 0.9690 -0.0000 -0.2472
vn 0.9837 -0.0000 -0.1800
vn -0.9797 -0.0000 0.2006
vn 0.9924 -0.0000 -0.1233
vn 0.9970 -0.0000 -0.0770
vn -0.9980 -0.0000 0.0639
vn 0.9992 -0.0000 -0.0403
vn 0.9999 -0.0000 -0.0117
vn 0.2691 -0.0000 -0.9631
vn -0.0474 -0.0000 0.9989
vn 0.0841 -0.0000 -0.9965
vn 0.1437 -0.0000 -0.9896
vn -0.1450 -0.0000 0.9894
vn 0.2056 -0.0000 -0.9786
vn -0.2473 -0.0000 0.9689
vn 0.3335 -0.0000 -0.9428
vn 0.3977 -0.0000 -0.9175
vn -0.3546 -0.0000 0.9350
vn 0.4608 -0.0000 -0.8875
vn -0.4660 -0.0000 0.8848
vn 0.5217 -0.0000 -0.8531
vn 0.5797 -0.0000 -0.8148
vn -0.5790 -0.0000 0.8154
vn 0.6339 -0.0000 -0.7734
vn 0.6839 -0.0000 -0.7296
vn -0.6892 -0.0000 0.7246
vn 0.7291 -0.0000 -0.6844
vn 0.7766 -0.0000 -0.6300
vn -0.7902 -0.0000 0.6128
vn 0.8263 -0.0000 -0.5632
vn 0.8736 -0.0000 -0.4866
vn -0.0818 -0.0000 -0.9966
vn -0.1965 -0.0000 -0.9805
vn -0.2557 -0.0000 -0.9667
vn 0.1486 -0.0000 0.9889
vn -0.1385 -0.0000 -0.9904
vn 0.3845 -0.0000 0.9231
vn -0.4377 -0.0000 -0.8991
vn -0.4988 -0.0000 -0.8667
vn 0.2620 -0.0000 0.9651
vn -0.3159 -0.0000 -0.9488
vn -0.3766 -0.0000 -0.9264
vn -0.9022 -0.0000 -0.4314
vn 0.9107 -0.0000 0.4130
vn -0.9354 -0.0000 -0.3537
vn -0.9595 -0.0000 -0.2817
vn 0.9587 -0.0000 0.2844
vn -0.9761 -0.0000 -0.2172
vn -0.9870 -0.0000 -0.1606
vn 0.9867 -0.0000 0.1627
vn -0.9937 -0.0000 -0.1122
vn -0.9974 -0.0000 -0.0716
vn 0.9987 -0.0000 0.0514
vn -0.9993 -0.0000 -0.0381
vn -0.9999 -0.0000 -0.0113
vn 0.5110 -0.0000 0.8596
vn -0.5595 -0.0000 -0.8288
vn -0.6195 -0.0000 -0.7850
vn 0.6346 -0.0000 0.7729
vn -0.6782 -0.0000 -0.7348
vn -0.7416 -0.0000 -0.6709
vn 0.7466 -0.0000 0.6653
vn -0.8049 -0.0000 -0.5934
vn 0.8400 -0.0000 0.5426
vn -0.8588 -0.0000 -0.5124
vn 0.0465 -0.0000 0.9989
vn -0.0268 -0.0000 -0.9996
vn 0.0273 -0.0000 -0.9996
vn -0.8379 -0.0000 0.5459
vn 0.8965 -0.0000 -0.4430
vn -0.9016 -0.0000 0.4325
vn 0.9476 -0.0000 -0.3196
vn -0.9497 -0.0000 0.3132
vn 0.9814 -0.0000 -0.1919
vn -0.9819 -0.0000 0.1895
vn 0.9980 -0.0000 -0.0633
vn -0.9980 -0.0000 0.0633
vn -0.9980 -0.0000 -0.0639
vn 0.9980 -0.0000 0.0630
vn -0.9814 -0.0000 -0.1917
vn 0.9816 -0.0000 0.1912
vn -0.9483 -0.0000 -0.3173
vn 0.9478 -0.0000 0.3189
vn -0.8988 -0.0000 -0.4384
vn 0.8967 -0.0000 0.4427
vn -0.8333 -0.0000 -0.5529
vn -0.4420 -0.0000 0.8970
vn 0.5447 -0.0000 -0.8386
vn 0.5430 -0.0000 0.8397
vn -0.4351 -0.0000 -0.9004
vn 0.3089 -0.0000 -0.9511
vn 0.3071 -0.0000 0.9517
vn -0.0620 -0.0000 0.9981
vn 0.0610 -0.0000 -0.9981
vn -0.1895 -0.0000 0.9819
vn 0.1851 -0.0000 -0.9827
vn 0.1837 -0.0000 0.9830
vn -0.1863 -0.0000 -0.9825
vn -0.3176 -0.0000 0.9482
vn 0.4297 -0.0000 -0.9030
vn 0.4278 -0.0000 0.9039
vn -0.3123 -0.0000 -0.9500
vn -0.5590 -0.0000 0.8291
vn 0.6512 -0.0000 -0.7589
vn -0.6654 -0.0000 0.7465
vn 0.7467 -0.0000 -0.6651
vn -0.7589 -0.0000 0.6513
vn 0.8291 -0.0000 -0.5591
vn 0.8289 -0.0000 0.5593
vn -0.7526 -0.0000 -0.6584
vn 0.7460 -0.0000 0.6659
vn -0.6581 -0.0000 -0.7529
vn 0.6499 -0.0000 0.7600
vn -0.5514 -0.0000 -0.8342
vn -0.0601 -0.0000 0.9982
vn 0.0597 -0.0000 -0.9982
vn -0.3076 -0.0000 -0.9515
vn -0.3058 -0.0000 0.9521
vn 0.1856 -0.0000 0.9826
vn -0.1841 -0.0000 -0.9829
vn -0.1828 -0.0000 0.9832
vn 0.1832 -0.0000 -0.9831
vn 0.4377 -0.0000 0.8991
vn -0.5434 -0.0000 -0.8395
vn -0.5417 -0.0000 0.8406
vn 0.4322 -0.0000 -0.9018
vn 0.3128 -0.0000 0.9498
vn -0.4283 -0.0000 -0.9036
vn -0.4264 -0.0000 0.9046
vn 0.3087 -0.0000 -0.9512
vn 0.8387 -0.0000 0.5446
vn -0.8963 -0.0000 -0.4435
vn 0.9027 -0.0000 0.4302
vn -0.9475 -0.0000 -0.3199
vn 0.9506 -0.0000 0.3105
vn -0.9814 -0.0000 -0.1920
vn 0.9823 -0.0000 0.1873
vn -0.9980 -0.0000 -0.0634
vn 0.9980 -0.0000 0.0624
vn 0.9981 -0.0000 -0.0624
vn -0.9980 -0.0000 0.0630
vn 0.9822 -0.0000 -0.1881
vn -0.9815 -0.0000 0.1913
vn 0.9498 -0.0000 -0.3128
vn -0.9477 -0.0000 0.3192
vn 0.9008 -0.0000 -0.4342
vn -0.8964 -0.0000 0.4432
vn 0.8353 -0.0000 -0.5498
vn 0.5560 -0.0000 0.8312
vn -0.6501 -0.0000 -0.7599
vn 0.6639 -0.0000 0.7478
vn -0.7459 -0.0000 -0.6660
vn 0.7588 -0.0000 0.6513
vn -0.8286 -0.0000 -0.5598
vn -0.8285 -0.0000 0.5601
vn 0.7539 -0.0000 -0.6570
vn -0.7453 -0.0000 0.6668
vn 0.6581 -0.0000 -0.7530
vn -0.6489 -0.0000 0.7609
vn 0.5498 -0.0000 -0.8353
vn 0.0603 -0.0000 0.9982
vn -0.0606 -0.0000 -0.9982
vn 0.0605 -0.0000 0.9982
vn -0.0610 -0.0000 -0.9981
vn 0.6844 -0.0000 -0.7291
vn 0.7296 -0.0000 -0.6839
vn 0.7697 -0.0000 -0.6384
vn -0.4471 -0.0000 0.8945
vn -0.4960 -0.0000 0.8683
vn 0.5160 -0.0000 -0.8566
vn -0.5414 -0.0000 0.8408
vn 0.5778 -0.0000 -0.8162
vn -0.5829 -0.0000 0.8125
vn -0.9184 -0.0000 0.3955
vn -0.9912 -0.0000 0.1327
vn 0.9820 -0.0000 -0.1888
vn -0.9980 -0.0000 -0.0625
vn 0.9969 -0.0000 0.0787
vn -0.9810 -0.0000 -0.1939
vn 0.9711 -0.0000 0.2389
vn -0.9441 -0.0000 -0.3296
vn -0.2307 -0.0000 0.9730
vn -0.1224 -0.0000 0.9925
vn 0.1303 -0.0000 -0.9915
vn -0.0230 -0.0000 0.9997
vn 0.1358 -0.0000 0.9907
vn -0.0712 -0.0000 0.9975
vn 0.0435 -0.0000 -0.9991
vn 0.2321 -0.0000 0.9727
vn -0.1501 -0.0000 -0.9887
vn -0.1758 -0.0000 0.9844
vn 0.2153 -0.0000 -0.9765
vn -0.5353 -0.0000 0.8447
vn 0.5665 -0.0000 -0.8240
vn 0.4372 -0.0000 0.8994
vn -0.3725 -0.0000 -0.9280
vn 0.3327 -0.0000 0.9430
vn -0.2587 -0.0000 -0.9660
vn -0.2862 -0.0000 0.9582
vn 0.2974 -0.0000 -0.9548
vn -0.3415 -0.0000 0.9399
vn 0.3754 -0.0000 -0.9269
vn -0.3954 -0.0000 0.9185
vn 0.4484 -0.0000 -0.8938
vn -0.5890 -0.0000 0.8081
vn -0.6796 -0.0000 0.7336
vn 0.6846 -0.0000 -0.7289
vn -0.7988 -0.0000 0.6016
vn 0.8497 -0.0000 -0.5272
vn 0.9191 -0.0000 0.3941
vn -0.8860 -0.0000 -0.4637
vn 0.8443 -0.0000 0.5359
vn -0.8074 -0.0000 -0.5900
vn 0.7525 -0.0000 0.6586
vn -0.7116 -0.0000 -0.7026
vn 0.6505 -0.0000 0.7595
vn -0.6035 -0.0000 -0.7974
vn 0.5440 -0.0000 0.8391
vn -0.4887 -0.0000 -0.8724
vn -0.0296 -0.0000 0.9996
vn 0.0768 -0.0000 -0.9970
vn -0.1523 -0.0000 0.9883
vn 0.1276 -0.0000 -0.9918
vn -0.1656 -0.0000 -0.9862
vn -0.0900 -0.0000 0.9959
vn 0.0256 -0.0000 -0.9997
vn 0.2272 -0.0000 -0.9738
vn 0.1805 -0.0000 0.9836
vn -0.2828 -0.0000 -0.9592
vn 0.3025 -0.0000 0.9532
vn -0.4011 -0.0000 -0.9160
vn 0.5261 -0.0000 -0.8504
vn -0.2158 -0.0000 0.9764
vn 0.1778 -0.0000 -0.9841
vn -0.6673 -0.0000 0.7448
vn -0.6224 -0.0000 0.7827
vn 0.8950 -0.0000 0.4460
vn -0.9364 -0.0000 -0.3509
vn 0.9470 -0.0000 0.3212
vn -0.9759 -0.0000 -0.2182
vn 0.9813 -0.0000 0.1925
vn -0.9971 -0.0000 -0.0755
vn 0.9980 -0.0000 0.0633
vn -0.9847 -0.0000 0.1742
vn 0.9933 -0.0000 -0.1156
vn 0.9341 -0.0000 -0.3570
vn -0.5734 -0.0000 0.8193
vn -0.5204 -0.0000 0.8539
vn 0.5358 -0.0000 -0.8443
vn 0.4966 -0.0000 -0.8680
vn -0.4639 -0.0000 0.8859
vn 0.4557 -0.0000 -0.8902
vn 0.4224 -0.0000 0.9064
vn -0.5166 -0.0000 -0.8562
vn 0.5376 -0.0000 0.8432
vn -0.6252 -0.0000 -0.7805
vn 0.6451 -0.0000 0.7641
vn -0.7235 -0.0000 -0.6903
vn 0.7422 -0.0000 0.6702
vn -0.8091 -0.0000 -0.5876
vn 0.8262 -0.0000 0.5633
vn -0.8804 -0.0000 -0.4741
vn -0.8724 -0.0000 0.4889
vn 0.8244 -0.0000 -0.5660
vn -0.7245 -0.0000 0.6892
vn 0.7008 -0.0000 -0.7134
vn -0.6094 -0.0000 0.7928
vn 0.5963 -0.0000 -0.8028
vn -0.4045 -0.0000 0.9146
vn 0.4130 -0.0000 -0.9108
vn 0.3686 -0.0000 -0.9296
vn -0.3427 -0.0000 0.9394
vn 0.3228 -0.0000 -0.9465
vn -0.2795 -0.0000 0.9601
vn 0.2756 -0.0000 -0.9613
vn 0.0593 -0.0000 0.9982
vn -0.0532 -0.0000 -0.9986
vn -0.5424 -0.0000 0.8401
vn 0.4949 -0.0000 -0.8689
vn -0.5192 -0.0000 0.8547
vn 0.5061 -0.0000 -0.8624
vn 0.0440 -0.0000 0.9990
vn -0.0481 -0.0000 -0.9988
vn -0.9862 -0.0000 0.1656
vn 0.9862 -0.0000 0.1656
vn -0.3215 -0.0000 0.9469
vn 0.8186 -0.0000 -0.5743
vn 0.8338 -0.0000 -0.5521
vn 0.8490 -0.0000 -0.5283
vn 0.8375 -0.0000 -0.5465
vn 0.6829 -0.0000 -0.7306
vn 0.5805 -0.0000 -0.8143
vn -0.9911 -0.0000 -0.1335
vn -0.9980 -0.0000 -0.0638
vn -0.5591 -0.0000 0.8291
vn 0.6500 -0.0000 0.7600
vt 0.021505 0.000000
vt 0.032258 0.000000
vt 0.010753 0.000000
vt 1.000000 0.000000
vt 0.000000 0.000000
vt 0.064516 0.000000
vt 0.989247 0.000000
vt 0.053763 0.000000
vt 0.043011 0.000000
vt 0.720430 0.000000
vt 0.086022 0.000000
vt 0.978495 0.000000
vt 0.075269 0.000000
vt 0.096774 0.000000
vt 0.967742 0.000000
vt 0.752688 0.000000
vt 0.698925 0.000000
vt 0.741935 0.000000
vt 0.709677 0.000000
vt 0.731183 0.000000
vt 0.935484 0.000000
vt 0.946237 0.000000
vt 0.451613 0.000000
vt 0.774194 0.000000
vt 0.784946 0.000000
vt 0.666667 0.000000
vt 0.677419 0.000000
vt 0.118280 0.000000
vt 0.107527 0.000000
vt 0.956989 0.000000
vt 0.763441 0.000000
vt 0.688172 0.000000
vt 0.376344 0.000000
vt 0.387097 0.000000
vt 0.161290 0.000000
vt 0.193548 0.000000
vt 0.204301 0.000000
vt 0.182796 0.000000
vt 0.215054 0.000000
vt 0.225806 0.000000
vt 0.236559 0.000000
vt 0.247312 0.000000
vt 0.258065 0.000000
vt 0.268817 0.000000
vt 0.279570 0.000000
vt 0.290323 0.000000
vt 0.301075 0.000000
vt 0.311828 0.000000
vt 0.172043 0.000000
vt 0.322581 0.000000
vt 0.333333 0.000000
vt 0.344086 0.000000
vt 0.354839 0.000000
vt 0.365591 0.000000
vt 0.580645 0.000000
vt 0.591398 0.000000
vt 0.860215 0.000000
vt 0.150538 0.000000
vt 0.397849 0.000000
vt 0.408602 0.000000
vt 0.139785 0.000000
vt 0.419355 0.000000
vt 0.430108 0.000000
vt 0.129032 0.000000
vt 0.440860 0.000000
vt 0.462366 0.000000
vt 0.473118 0.000000
vt 0.924731 0.000000
vt 0.483871 0.000000
vt 0.494624 0.000000
vt 0.913979 0.000000
vt 0.505376 0.000000
vt 0.903226 0.000000
vt 0.516129 0.000000
vt 0.526882 0.000000
vt 0.892473 0.000000
vt 0.537634 0.000000
vt 0.548387 0.000000
vt 0.881720 0.000000
vt 0.559140 0.000000
vt 0.870968 0.000000
vt 0.569892 0.000000
vt 0.849462 0.000000
vt 0.602151 0.000000
vt 0.838710 0.000000
vt 0.612903 0.000000
vt 0.827957 0.000000
vt 0.623656 0.000000
vt 0.817204 0.000000
vt 0.634409 0.000000
vt 0.806452 0.000000
vt 0.645161 0.000000
vt 0.795699 0.000000
vt 0.655914 0.000000
vt 0.675325 0.000000
vt 0.688312 0.000000
vt 0.649351 0.000000
vt 0.727273 0.000000
vt 0.740260 0.000000
vt 0.545455 0.000000
vt 0.558442 0.000000
vt 0.571429 0.000000
vt 0.714286 0.000000
vt 0.584416 0.000000
vt 0.597403 0.000000
vt 0.701299 0.000000
vt 0.610390 0.000000
vt 0.623377 0.000000
vt 0.636364 0.000000
vt 0.662338 0.000000
vt 0.402597 0.000000
vt 0.818182 0.000000
vt 0.389610 0.000000
vt 0.844156 0.000000
vt 0.350649 0.000000
vt 0.831169 0.000000
vt 0.363636 0.000000
vt 0.376623 0.000000
vt 0.805195 0.000000
vt 0.415584 0.000000
vt 0.428571 0.000000
vt 0.792208 0.000000
vt 0.441558 0.000000
vt 0.779221 0.000000
vt 0.454545 0.000000
vt 0.467532 0.000000
vt 0.766234 0.000000
vt 0.480519 0.000000
vt 0.493506 0.000000
vt 0.753247 0.000000
vt 0.506494 0.000000
vt 0.519481 0.000000
vt 0.532468 0.000000
vt 0.857143 0.000000
vt 0.311688 0.000000
vt 0.324675 0.000000
vt 0.285714 0.000000
vt 0.298701 0.000000
vt 0.870130 0.000000
vt 0.272727 0.000000
vt 0.246753 0.000000
vt 0.883117 0.000000
vt 0.896104 0.000000
vt 0.233766 0.000000
vt 0.220779 0.000000
vt 0.259740 0.000000
vt 0.025974 0.000000
vt 0.012987 0.000000
vt 0.129870 0.000000
vt 0.142857 0.000000
vt 0.948052 0.000000
vt 0.961039 0.000000
vt 0.116883 0.000000
vt 0.103896 0.000000
vt 0.974026 0.000000
vt 0.090909 0.000000
vt 0.077922 0.000000
vt 0.987013 0.000000
vt 0.064935 0.000000
vt 0.051948 0.000000
vt 0.038961 0.000000
vt 0.909091 0.000000
vt 0.207792 0.000000
vt 0.194805 0.000000
vt 0.922078 0.000000
vt 0.181818 0.000000
vt 0.168831 0.000000
vt 0.935065 0.000000
vt 0.155844 0.000000
vt 0.337662 0.000000
vt 0.042105 0.000000
vt 0.052632 0.000000
vt 0.968421 0.000000
vt 0.978947 0.000000
vt 0.031579 0.000000
vt 0.989474 0.000000
vt 0.021053 0.000000
vt 0.010526 0.000000
vt 0.505263 0.000000
vt 0.494737 0.000000
vt 0.515789 0.000000
vt 0.484211 0.000000
vt 0.526316 0.000000
vt 0.473684 0.000000
vt 0.536842 0.000000
vt 0.463158 0.000000
vt 0.547368 0.000000
vt 0.452632 0.000000
vt 0.094737 0.000000
vt 0.926316 0.000000
vt 0.084211 0.000000
vt 0.936842 0.000000
vt 0.578947 0.000000
vt 0.589474 0.000000
vt 0.421053 0.000000
vt 0.410526 0.000000
vt 0.915789 0.000000
vt 0.105263 0.000000
vt 0.905263 0.000000
vt 0.610526 0.000000
vt 0.400000 0.000000
vt 0.600000 0.000000
vt 0.894737 0.000000
vt 0.115789 0.000000
vt 0.126316 0.000000
vt 0.884211 0.000000
vt 0.621053 0.000000
vt 0.389474 0.000000
vt 0.073684 0.000000
vt 0.947368 0.000000
vt 0.063158 0.000000
vt 0.957895 0.000000
vt 0.557895 0.000000
vt 0.442105 0.000000
vt 0.568421 0.000000
vt 0.431579 0.000000
vt 0.378947 0.000000
vt 0.631579 0.000000
vt 0.642105 0.000000
vt 0.368421 0.000000
vt 0.147368 0.000000
vt 0.852632 0.000000
vt 0.863158 0.000000
vt 0.357895 0.000000
vt 0.652632 0.000000
vt 0.663158 0.000000
vt 0.136842 0.000000
vt 0.873684 0.000000
vt 0.842105 0.000000
vt 0.157895 0.000000
vt 0.168421 0.000000
vt 0.831579 0.000000
vt 0.673684 0.000000
vt 0.684211 0.000000
vt 0.336842 0.000000
vt 0.347368 0.000000
vt 0.200000 0.000000
vt 0.210526 0.000000
vt 0.800000 0.000000
vt 0.789474 0.000000
vt 0.221053 0.000000
vt 0.778947 0.000000
vt 0.231579 0.000000
vt 0.768421 0.000000
vt 0.242105 0.000000
vt 0.757895 0.000000
vt 0.252632 0.000000
vt 0.263158 0.000000
vt 0.747368 0.000000
vt 0.273684 0.000000
vt 0.736842 0.000000
vt 0.284211 0.000000
vt 0.726316 0.000000
vt 0.294737 0.000000
vt 0.715789 0.000000
vt 0.305263 0.000000
vt 0.178947 0.000000
vt 0.821053 0.000000
vt 0.189474 0.000000
vt 0.810526 0.000000
vt 0.705263 0.000000
vt 0.315789 0.000000
vt 0.694737 0.000000
vt 0.326316 0.000000
vt 0.471074 0.000000
vt 0.479339 0.000000
vt 0.504132 0.000000
vt 0.487603 0.000000
vt 0.495868 0.000000
vt 0.528926 0.000000
vt 0.537190 0.000000
vt 0.446281 0.000000
vt 0.520661 0.000000
vt 0.512397 0.000000
vt 0.462810 0.000000
vt 0.206612 0.000000
vt 0.214876 0.000000
vt 0.793388 0.000000
vt 0.198347 0.000000
vt 0.801653 0.000000
vt 0.190083 0.000000
vt 0.809917 0.000000
vt 0.173554 0.000000
vt 0.570248 0.000000
vt 0.421488 0.000000
vt 0.561983 0.000000
vt 0.586777 0.000000
vt 0.404959 0.000000
vt 0.578512 0.000000
vt 0.413223 0.000000
vt 0.603306 0.000000
vt 0.396694 0.000000
vt 0.595041 0.000000
vt 0.107438 0.000000
vt 0.884298 0.000000
vt 0.892562 0.000000
vt 0.115702 0.000000
vt 0.876033 0.000000
vt 0.247934 0.000000
vt 0.768595 0.000000
vt 0.239669 0.000000
vt 0.776860 0.000000
vt 0.132231 0.000000
vt 0.859504 0.000000
vt 0.867769 0.000000
vt 0.123967 0.000000
vt 0.553719 0.000000
vt 0.429752 0.000000
vt 0.438017 0.000000
vt 0.231405 0.000000
vt 0.223140 0.000000
vt 0.785124 0.000000
vt 0.826446 0.000000
vt 0.165289 0.000000
vt 0.834711 0.000000
vt 0.157025 0.000000
vt 0.842975 0.000000
vt 0.148760 0.000000
vt 0.851240 0.000000
vt 0.140496 0.000000
vt 0.099174 0.000000
vt 0.900826 0.000000
vt 0.917355 0.000000
vt 0.082645 0.000000
vt 0.925620 0.000000
vt 0.074380 0.000000
vt 0.380165 0.000000
vt 0.388430 0.000000
vt 0.611570 0.000000
vt 0.066116 0.000000
vt 0.933884 0.000000
vt 0.057851 0.000000
vt 0.619835 0.000000
vt 0.371901 0.000000
vt 0.628099 0.000000
vt 0.752066 0.000000
vt 0.264463 0.000000
vt 0.743802 0.000000
vt 0.991736 0.000000
vt 0.983471 0.000000
vt 0.669421 0.000000
vt 0.677686 0.000000
vt 0.322314 0.000000
vt 0.314050 0.000000
vt 0.685950 0.000000
vt 0.305785 0.000000
vt 0.694215 0.000000
vt 0.297521 0.000000
vt 0.702479 0.000000
vt 0.289256 0.000000
vt 0.710744 0.000000
vt 0.719008 0.000000
vt 0.975207 0.000000
vt 0.966942 0.000000
vt 0.008264 0.000000
vt 0.016529 0.000000
vt 0.958678 0.000000
vt 0.024793 0.000000
vt 0.355372 0.000000
vt 0.644628 0.000000
vt 0.347107 0.000000
vt 0.652893 0.000000
vt 0.338843 0.000000
vt 0.661157 0.000000
vt 0.330579 0.000000
vt 0.280992 0.000000
vt 0.735537 0.000000
vt 0.950413 0.000000
vt 0.033058 0.000000
vt 0.041322 0.000000
vt 0.942149 0.000000
vt 0.049587 0.000000
vt 0.256198 0.000000
vt 0.760331 0.000000
s 0
f 3/1/1 4/2/1 2/3/1
f 4/2/1 94/4/1 2/3/1
f 1/5/1 2/3/1 94/4/1
f 7/6/1 93/7/1 6/8/1
f 5/9/1 6/8/1 93/7/1
f 94/4/1 4/2/1 5/9/1
f 5/9/1 93/7/1 94/4/1
f 1/5/1 94/4/1 68/10/1
f 9/11/1 92/12/1 8/13/1
f 9/11/1 10/14/1 91/15/1
f 92/12/1 9/11/1 91/15/1
f 71/16/1 66/17/1 70/18/1
f 67/19/1 70/18/1 66/17/1
f 8/13/1 92/12/1 7/6/1
f 93/7/1 7/6/1 92/12/1
f 70/18/1 67/19/1 69/20/1
f 68/10/1 69/20/1 67/19/1
f 1/5/1 68/10/1 67/19/1
f 88/21/1 89/22/1 43/23/1
f 73/24/1 74/25/1 63/26/1
f 64/27/1 73/24/1 63/26/1
f 12/28/1 43/23/1 11/29/1
f 10/14/1 11/29/1 43/23/1
f 91/15/1 10/14/1 43/23/1
f 90/30/1 91/15/1 43/23/1
f 43/23/1 89/22/1 90/30/1
f 73/24/1 64/27/1 72/31/1
f 64/27/1 65/32/1 72/31/1
f 71/16/1 72/31/1 65/32/1
f 66/17/1 71/16/1 65/32/1
f 36/33/1 37/34/1 16/35/1
f 19/36/1 20/37/1 18/38/1
f 20/37/1 21/39/1 18/38/1
f 21/39/1 22/40/1 18/38/1
f 22/40/1 23/41/1 18/38/1
f 23/41/1 24/42/1 18/38/1
f 24/42/1 25/43/1 18/38/1
f 25/43/1 26/44/1 18/38/1
f 26/44/1 27/45/1 18/38/1
f 27/45/1 28/46/1 18/38/1
f 28/46/1 29/47/1 18/38/1
f 29/47/1 30/48/1 18/38/1
f 18/38/1 30/48/1 17/49/1
f 30/48/1 31/50/1 17/49/1
f 31/50/1 32/51/1 17/49/1
f 32/51/1 33/52/1 17/49/1
f 33/52/1 34/53/1 17/49/1
f 34/53/1 35/54/1 17/49/1
f 16/35/1 17/49/1 35/54/1
f 36/33/1 16/35/1 35/54/1
f 55/55/1 56/56/1 81/57/1
f 16/35/1 37/34/1 15/58/1
f 37/34/1 38/59/1 15/58/1
f 38/59/1 39/60/1 15/58/1
f 14/61/1 15/58/1 39/60/1
f 39/60/1 40/62/1 14/61/1
f 40/62/1 41/63/1 14/61/1
f 13/64/1 14/61/1 41/63/1
f 41/63/1 42/65/1 13/64/1
f 12/28/1 13/64/1 42/65/1
f 43/23/1 12/28/1 42/65/1
f 88/21/1 43/23/1 44/66/1
f 44/66/1 45/67/1 88/21/1
f 87/68/1 88/21/1 45/67/1
f 45/67/1 46/69/1 87/68/1
f 46/69/1 47/70/1 87/68/1
f 86/71/1 87/68/1 47/70/1
f 47/70/1 48/72/1 86/71/1
f 85/73/1 86/71/1 48/72/1
f 48/72/1 49/74/1 85/73/1
f 49/74/1 50/75/1 85/73/1
f 84/76/1 85/73/1 50/75/1
f 50/75/1 51/77/1 84/76/1
f 51/77/1 52/78/1 84/76/1
f 83/79/1 84/76/1 52/78/1
f 52/78/1 53/80/1 83/79/1
f 82/81/1 83/79/1 53/80/1
f 53/80/1 54/82/1 82/81/1
f 54/82/1 55/55/1 82/81/1
f 55/55/1 81/57/1 82/81/1
f 81/57/1 56/56/1 80/83/1
f 56/56/1 57/84/1 80/83/1
f 79/85/1 80/83/1 57/84/1
f 57/84/1 58/86/1 79/85/1
f 78/87/1 79/85/1 58/86/1
f 58/86/1 59/88/1 78/87/1
f 77/89/1 78/87/1 59/88/1
f 59/88/1 60/90/1 77/89/1
f 76/91/1 77/89/1 60/90/1
f 60/90/1 61/92/1 76/91/1
f 75/93/1 76/91/1 61/92/1
f 61/92/1 62/94/1 75/93/1
f 74/25/1 75/93/1 62/94/1
f 63/26/1 74/25/1 62/94/1
f 147/95/1 148/96/1 145/97/1
f 151/98/1 152/99/1 137/100/1
f 137/100/1 138/101/1 151/98/1
f 138/101/1 139/102/1 151/98/1
f 150/103/1 151/98/1 139/102/1
f 139/102/1 140/104/1 150/103/1
f 140/104/1 141/105/1 150/103/1
f 149/106/1 150/103/1 141/105/1
f 141/105/1 142/107/1 149/106/1
f 142/107/1 143/108/1 149/106/1
f 148/96/1 149/106/1 143/108/1
f 143/108/1 144/109/1 148/96/1
f 145/97/1 148/96/1 144/109/1
f 147/95/1 145/97/1 146/110/1
f 126/111/1 158/112/1 125/113/1
f 160/114/1 122/115/1 159/116/1
f 122/115/1 123/117/1 159/116/1
f 124/118/1 159/116/1 123/117/1
f 159/116/1 124/118/1 158/112/1
f 125/113/1 158/112/1 124/118/1
f 158/112/1 126/111/1 157/119/1
f 126/111/1 127/120/1 157/119/1
f 127/120/1 128/121/1 157/119/1
f 156/122/1 157/119/1 128/121/1
f 129/123/1 156/122/1 128/121/1
f 156/122/1 129/123/1 155/124/1
f 129/123/1 130/125/1 155/124/1
f 130/125/1 131/126/1 155/124/1
f 154/127/1 155/124/1 131/126/1
f 131/126/1 132/128/1 154/127/1
f 132/128/1 133/129/1 154/127/1
f 153/130/1 154/127/1 133/129/1
f 133/129/1 134/131/1 153/130/1
f 134/131/1 135/132/1 153/130/1
f 152/99/1 153/130/1 135/132/1
f 135/132/1 136/133/1 152/99/1
f 137/100/1 152/99/1 136/133/1
f 161/134/1 119/135/1 120/136/1
f 117/137/1 118/138/1 162/139/1
f 162/139/1 116/140/1 117/137/1
f 162/139/1 118/138/1 161/134/1
f 119/135/1 161/134/1 118/138/1
f 114/141/1 163/142/1 164/143/1
f 113/144/1 114/141/1 164/143/1
f 112/145/1 113/144/1 164/143/1
f 116/140/1 162/139/1 163/142/1
f 115/146/1 116/140/1 163/142/1
f 163/142/1 114/141/1 115/146/1
f 172/4/1 95/5/1 97/147/1
f 96/148/1 97/147/1 95/5/1
f 105/149/1 106/150/1 168/151/1
f 168/151/1 169/152/1 105/149/1
f 104/153/1 105/149/1 169/152/1
f 103/154/1 104/153/1 169/152/1
f 169/152/1 170/155/1 103/154/1
f 102/156/1 103/154/1 170/155/1
f 101/157/1 102/156/1 170/155/1
f 170/155/1 171/158/1 101/157/1
f 100/159/1 101/157/1 171/158/1
f 99/160/1 100/159/1 171/158/1
f 171/158/1 172/4/1 99/160/1
f 98/161/1 99/160/1 172/4/1
f 172/4/1 97/147/1 98/161/1
f 112/145/1 164/143/1 165/162/1
f 111/163/1 112/145/1 165/162/1
f 110/164/1 111/163/1 165/162/1
f 165/162/1 166/165/1 110/164/1
f 109/166/1 110/164/1 166/165/1
f 108/167/1 109/166/1 166/165/1
f 166/165/1 167/168/1 108/167/1
f 107/169/1 108/167/1 167/168/1
f 167/168/1 168/151/1 107/169/1
f 168/151/1 106/150/1 107/169/1
f 161/134/1 120/136/1 160/114/1
f 120/136/1 121/170/1 160/114/1
f 122/115/1 160/114/1 121/170/1
f 177/171/1 178/172/1 265/173/1
f 265/173/1 266/174/1 177/171/1
f 176/175/1 177/171/1 266/174/1
f 266/174/1 267/176/1 176/175/1
f 175/177/1 176/175/1 267/176/1
f 267/176/1 268/4/1 175/177/1
f 174/178/1 175/177/1 268/4/1
f 268/4/1 221/179/1 174/178/1
f 173/5/1 174/178/1 221/179/1
f 220/180/1 173/5/1 221/179/1
f 221/179/1 222/181/1 220/180/1
f 219/182/1 220/180/1 222/181/1
f 222/181/1 223/183/1 219/182/1
f 218/184/1 219/182/1 223/183/1
f 223/183/1 224/185/1 218/184/1
f 217/186/1 218/184/1 224/185/1
f 224/185/1 225/187/1 217/186/1
f 216/188/1 217/186/1 225/187/1
f 182/189/1 261/190/1 181/191/1
f 261/190/1 262/192/1 181/191/1
f 228/193/1 229/194/1 213/195/1
f 229/194/1 212/196/1 213/195/1
f 260/197/1 183/198/1 259/199/1
f 231/200/1 211/201/1 230/202/1
f 258/203/1 184/204/1 185/205/1
f 185/205/1 257/206/1 258/203/1
f 259/199/1 183/198/1 184/204/1
f 184/204/1 258/203/1 259/199/1
f 232/207/1 210/208/1 231/200/1
f 211/201/1 231/200/1 210/208/1
f 183/198/1 260/197/1 182/189/1
f 261/190/1 182/189/1 260/197/1
f 212/196/1 229/194/1 230/202/1
f 230/202/1 211/201/1 212/196/1
f 181/191/1 262/192/1 180/209/1
f 262/192/1 263/210/1 180/209/1
f 179/211/1 180/209/1 263/210/1
f 263/210/1 264/212/1 179/211/1
f 178/172/1 179/211/1 264/212/1
f 265/173/1 178/172/1 264/212/1
f 216/188/1 225/187/1 226/213/1
f 215/214/1 216/188/1 226/213/1
f 226/213/1 227/215/1 215/214/1
f 214/216/1 215/214/1 227/215/1
f 227/215/1 228/193/1 214/216/1
f 228/193/1 213/195/1 214/216/1
f 209/217/1 233/218/1 234/219/1
f 209/217/1 234/219/1 208/220/1
f 187/221/1 254/222/1 255/223/1
f 207/224/1 235/225/1 236/226/1
f 187/221/1 255/223/1 186/227/1
f 256/228/1 186/227/1 255/223/1
f 208/220/1 234/219/1 235/225/1
f 235/225/1 207/224/1 208/220/1
f 253/229/1 188/230/1 189/231/1
f 252/232/1 253/229/1 189/231/1
f 237/233/1 238/234/1 205/235/1
f 206/236/1 237/233/1 205/235/1
f 254/222/1 187/221/1 188/230/1
f 188/230/1 253/229/1 254/222/1
f 237/233/1 206/236/1 236/226/1
f 207/224/1 236/226/1 206/236/1
f 192/237/1 193/238/1 249/239/1
f 248/240/1 249/239/1 193/238/1
f 193/238/1 194/241/1 248/240/1
f 247/242/1 248/240/1 194/241/1
f 194/241/1 195/243/1 247/242/1
f 246/244/1 247/242/1 195/243/1
f 195/243/1 196/245/1 246/244/1
f 245/246/1 246/244/1 196/245/1
f 196/245/1 197/247/1 245/246/1
f 197/247/1 198/248/1 245/246/1
f 244/249/1 245/246/1 198/248/1
f 198/248/1 199/250/1 244/249/1
f 243/251/1 244/249/1 199/250/1
f 199/250/1 200/252/1 243/251/1
f 242/253/1 243/251/1 200/252/1
f 200/252/1 201/254/1 242/253/1
f 241/255/1 242/253/1 201/254/1
f 201/254/1 202/256/1 241/255/1
f 252/232/1 189/231/1 190/257/1
f 251/258/1 252/232/1 190/257/1
f 190/257/1 191/259/1 251/258/1
f 250/260/1 251/258/1 191/259/1
f 191/259/1 192/237/1 250/260/1
f 192/237/1 249/239/1 250/260/1
f 241/255/1 202/256/1 240/261/1
f 202/256/1 203/262/1 240/261/1
f 239/263/1 240/261/1 203/262/1
f 203/262/1 204/264/1 239/263/1
f 238/234/1 239/263/1 204/264/1
f 205/235/1 238/234/1 204/264/1
f 186/227/1 256/228/1 185/205/1
f 257/206/1 185/205/1 256/228/1
f 233/218/1 209/217/1 232/207/1
f 210/208/1 232/207/1 209/217/1
f 270/150/1 271/137/1 272/121/1
f 276/4/1 269/5/1 275/134/1
f 272/121/1 273/102/1 274/103/1
f 274/103/1 275/134/1 272/121/1
f 275/134/1 269/5/1 272/121/1
f 270/150/1 272/121/1 269/5/1
f 334/265/1 335/266/1 338/267/1
f 335/266/1 336/268/1 338/267/1
f 337/269/1 338/267/1 336/268/1
f 341/270/1 342/271/1 331/272/1
f 341/270/1 331/272/1 340/273/1
f 331/272/1 332/125/1 340/273/1
f 339/274/1 340/273/1 332/125/1
f 332/125/1 333/275/1 339/274/1
f 338/267/1 339/274/1 333/275/1
f 334/265/1 338/267/1 333/275/1
f 302/276/1 303/277/1 373/278/1
f 301/279/1 302/276/1 373/278/1
f 373/278/1 374/280/1 301/279/1
f 300/281/1 301/279/1 374/280/1
f 374/280/1 375/282/1 300/281/1
f 299/166/1 300/281/1 375/282/1
f 375/282/1 376/112/1 299/166/1
f 298/283/1 299/166/1 376/112/1
f 346/284/1 328/285/1 345/286/1
f 348/287/1 326/288/1 347/289/1
f 326/288/1 327/290/1 347/289/1
f 350/291/1 325/292/1 349/293/1
f 290/294/1 384/295/1 385/296/1
f 326/288/1 348/287/1 349/293/1
f 349/293/1 325/292/1 326/288/1
f 291/297/1 383/298/1 384/295/1
f 384/295/1 290/294/1 291/297/1
f 347/289/1 327/290/1 346/284/1
f 328/285/1 346/284/1 327/290/1
f 307/299/1 370/300/1 306/301/1
f 371/302/1 306/301/1 370/300/1
f 293/303/1 381/304/1 382/305/1
f 292/306/1 293/303/1 382/305/1
f 382/305/1 383/298/1 292/306/1
f 383/298/1 291/297/1 292/306/1
f 345/286/1 328/285/1 344/307/1
f 328/285/1 329/308/1 344/307/1
f 343/100/1 344/307/1 329/308/1
f 329/308/1 330/309/1 343/100/1
f 342/271/1 343/100/1 330/309/1
f 331/272/1 342/271/1 330/309/1
f 306/301/1 371/302/1 305/310/1
f 304/311/1 305/310/1 371/302/1
f 371/302/1 372/312/1 304/311/1
f 303/277/1 304/311/1 372/312/1
f 373/278/1 303/277/1 372/312/1
f 298/283/1 376/112/1 377/313/1
f 297/314/1 298/283/1 377/313/1
f 377/313/1 378/315/1 297/314/1
f 296/316/1 297/314/1 378/315/1
f 378/315/1 379/317/1 296/316/1
f 295/318/1 296/316/1 379/317/1
f 379/317/1 380/319/1 295/318/1
f 294/320/1 295/318/1 380/319/1
f 380/319/1 381/304/1 294/320/1
f 381/304/1 293/303/1 294/320/1
f 387/162/1 289/321/1 386/322/1
f 388/323/1 287/324/1 288/156/1
f 389/325/1 286/326/1 388/323/1
f 287/324/1 388/323/1 286/326/1
f 323/327/1 324/328/1 351/329/1
f 388/323/1 288/156/1 387/162/1
f 289/321/1 387/162/1 288/156/1
f 285/330/1 390/331/1 284/332/1
f 323/327/1 351/329/1 352/333/1
f 322/334/1 323/327/1 352/333/1
f 352/333/1 353/335/1 322/334/1
f 353/335/1 321/117/1 322/334/1
f 368/336/1 309/337/1 367/338/1
f 390/331/1 285/330/1 389/325/1
f 286/326/1 389/325/1 285/330/1
f 397/339/1 398/4/1 277/5/1
f 396/340/1 397/339/1 277/5/1
f 358/341/1 359/342/1 316/343/1
f 315/344/1 316/343/1 359/342/1
f 359/342/1 360/345/1 315/344/1
f 314/346/1 315/344/1 360/345/1
f 360/345/1 361/347/1 314/346/1
f 313/348/1 314/346/1 361/347/1
f 361/347/1 362/349/1 313/348/1
f 312/350/1 313/348/1 362/349/1
f 362/349/1 363/351/1 312/350/1
f 363/351/1 364/352/1 312/350/1
f 396/340/1 277/5/1 395/353/1
f 394/354/1 395/353/1 277/5/1
f 277/5/1 278/355/1 394/354/1
f 278/355/1 279/356/1 394/354/1
f 393/357/1 394/354/1 279/356/1
f 280/358/1 393/357/1 279/356/1
f 321/117/1 353/335/1 354/109/1
f 320/359/1 321/117/1 354/109/1
f 354/109/1 355/360/1 320/359/1
f 319/361/1 320/359/1 355/360/1
f 355/360/1 356/362/1 319/361/1
f 318/363/1 319/361/1 356/362/1
f 356/362/1 357/364/1 318/363/1
f 317/365/1 318/363/1 357/364/1
f 357/364/1 358/341/1 317/365/1
f 358/341/1 316/343/1 317/365/1
f 312/350/1 364/352/1 311/366/1
f 364/352/1 365/98/1 311/366/1
f 310/140/1 311/366/1 365/98/1
f 365/98/1 366/367/1 310/140/1
f 309/337/1 310/140/1 366/367/1
f 367/338/1 309/337/1 366/367/1
f 393/357/1 280/358/1 392/368/1
f 280/358/1 281/369/1 392/368/1
f 281/369/1 282/370/1 392/368/1
f 391/371/1 392/368/1 282/370/1
f 282/370/1 283/372/1 391/371/1
f 390/331/1 391/371/1 283/372/1
f 284/332/1 390/331/1 283/372/1
f 351/329/1 324/328/1 350/291/1
f 325/292/1 350/291/1 324/328/1
f 309/337/1 368/336/1 308/373/1
f 368/336/1 369/374/1 308/373/1
f 307/299/1 308/373/1 369/374/1
f 370/300/1 307/299/1 369/374/1
f 290/294/1 385/296/1 386/322/1
f 386/322/1 289/321/1 290/294/1
f 404/4/1 399/5/1 400/237/1
f 400/237/1 401/201/1 404/4/1
f 403/239/1 404/4/1 401/201/1
f 401/201/1 402/202/1 403/239/1
f 407/1/1 408/2/1 406/3/1
f 408/2/1 498/4/1 406/3/1
f 405/5/1 406/3/1 498/4/1
f 411/6/1 497/7/1 410/8/1
f 409/9/1 410/8/1 497/7/1
f 498/4/1 408/2/1 409/9/1
f 409/9/1 497/7/1 498/4/1
f 405/5/1 498/4/1 472/10/1
f 413/11/1 496/12/1 412/13/1
f 413/11/1 414/14/1 495/15/1
f 496/12/1 413/11/1 495/15/1
f 475/16/1 470/17/1 474/18/1
f 471/19/1 474/18/1 470/17/1
f 412/13/1 496/12/1 411/6/1
f 497/7/1 411/6/1 496/12/1
f 474/18/1 471/19/1 473/20/1
f 472/10/1 473/20/1 471/19/1
f 405/5/1 472/10/1 471/19/1
f 492/21/1 493/22/1 447/23/1
f 477/24/1 478/25/1 467/26/1
f 468/27/1 477/24/1 467/26/1
f 416/28/1 447/23/1 415/29/1
f 414/14/1 415/29/1 447/23/1
f 495/15/1 414/14/1 447/23/1
f 494/30/1 495/15/1 447/23/1
f 447/23/1 493/22/1 494/30/1
f 477/24/1 468/27/1 476/31/1
f 468/27/1 469/32/1 476/31/1
f 475/16/1 476/31/1 469/32/1
f 470/17/1 475/16/1 469/32/1
f 440/33/1 441/34/1 420/35/1
f 423/36/1 424/37/1 422/38/1
f 424/37/1 425/39/1 422/38/1
f 425/39/1 426/40/1 422/38/1
f 426/40/1 427/41/1 422/38/1
f 427/41/1 428/42/1 422/38/1
f 428/42/1 429/43/1 422/38/1
f 429/43/1 430/44/1 422/38/1
f 430/44/1 431/45/1 422/38/1
f 431/45/1 432/46/1 422/38/1
f 432/46/1 433/47/1 422/38/1
f 433/47/1 434/48/1 422/38/1
f 422/38/1 434/48/1 421/49/1
f 434/48/1 435/50/1 421/49/1
f 435/50/1 436/51/1 421/49/1
f 436/51/1 437/52/1 421/49/1
f 437/52/1 438/53/1 421/49/1
f 438/53/1 439/54/1 421/49/1
f 420/35/1 421/49/1 439/54/1
f 440/33/1 420/35/1 439/54/1
f 459/55/1 460/56/1 485/57/1
f 420/35/1 441/34/1 419/58/1
f 441/34/1 442/59/1 419/58/1
f 442/59/1 443/60/1 419/58/1
f 418/61/1 419/58/1 443/60/1
f 443/60/1 444/62/1 418/61/1
f 444/62/1 445/63/1 418/61/1
f 417/64/1 418/61/1 445/63/1
f 445/63/1 446/65/1 417/64/1
f 416/28/1 417/64/1 446/65/1
f 447/23/1 416/28/1 446/65/1
f 492/21/1 447/23/1 448/66/1
f 448/66/1 449/67/1 492/21/1
f 491/68/1 492/21/1 449/67/1
f 449/67/1 450/69/1 491/68/1
f 450/69/1 451/70/1 491/68/1
f 490/71/1 491/68/1 451/70/1
f 451/70/1 452/72/1 490/71/1
f 489/73/1 490/71/1 452/72/1
f 452/72/1 453/74/1 489/73/1
f 453/74/1 454/75/1 489/73/1
f 488/76/1 489/73/1 454/75/1
f 454/75/1 455/77/1 488/76/1
f 455/77/1 456/78/1 488/76/1
f 487/79/1 488/76/1 456/78/1
f 456/78/1 457/80/1 487/79/1
f 486/81/1 487/79/1 457/80/1
f 457/80/1 458/82/1 486/81/1
f 458/82/1 459/55/1 486/81/1
f 459/55/1 485/57/1 486/81/1
f 485/57/1 460/56/1 484/83/1
f 460/56/1 461/84/1 484/83/1
f 483/85/1 484/83/1 461/84/1
f 461/84/1 462/86/1 483/85/1
f 482/87/1 483/85/1 462/86/1
f 462/86/1 463/88/1 482/87/1
f 481/89/1 482/87/1 463/88/1
f 463/88/1 464/90/1 481/89/1
f 480/91/1 481/89/1 464/90/1
f 464/90/1 465/92/1 480/91/1
f 479/93/1 480/91/1 465/92/1
f 465/92/1 466/94/1 479/93/1
f 478/25/1 479/93/1 466/94/1
f 467/26/1 478/25/1 466/94/1
f 503/171/1 504/172/1 591/173/1
f 591/173/1 592/174/1 503/171/1
f 502/175/1 503/171/1 592/174/1
f 592/174/1 593/176/1 502/175/1
f 501/177/1 502/175/1 593/176/1
f 593/176/1 594/4/1 501/177/1
f 500/178/1 501/177/1 594/4/1
f 594/4/1 547/179/1 500/178/1
f 499/5/1 500/178/1 547/179/1
f 546/180/1 499/5/1 547/179/1
f 547/179/1 548/181/1 546/180/1
f 545/182/1 546/180/1 548/181/1
f 548/181/1 549/183/1 545/182/1
f 544/184/1 545/182/1 549/183/1
f 549/183/1 550/185/1 544/184/1
f 543/186/1 544/184/1 550/185/1
f 550/185/1 551/187/1 543/186/1
f 542/188/1 543/186/1 551/187/1
f 508/189/1 587/190/1 507/191/1
f 587/190/1 588/192/1 507/191/1
f 554/193/1 555/194/1 539/195/1
f 555/194/1 538/196/1 539/195/1
f 586/197/1 509/198/1 585/199/1
f 557/200/1 537/201/1 556/202/1
f 584/203/1 510/204/1 511/205/1
f 511/205/1 583/206/1 584/203/1
f 585/199/1 509/198/1 510/204/1
f 510/204/1 584/203/1 585/199/1
f 558/207/1 536/208/1 557/200/1
f 537/201/1 557/200/1 536/208/1
f 509/198/1 586/197/1 508/189/1
f 587/190/1 508/189/1 586/197/1
f 538/196/1 555/194/1 556/202/1
f 556/202/1 537/201/1 538/196/1
f 507/191/1 588/192/1 506/209/1
f 588/192/1 589/210/1 506/209/1
f 505/211/1 506/209/1 589/210/1
f 589/210/1 590/212/1 505/211/1
f 504/172/1 505/211/1 590/212/1
f 591/173/1 504/172/1 590/212/1
f 542/188/1 551/187/1 552/213/1
f 541/214/1 542/188/1 552/213/1
f 552/213/1 553/215/1 541/214/1
f 540/216/1 541/214/1 553/215/1
f 553/215/1 554/193/1 540/216/1
f 554/193/1 539/195/1 540/216/1
f 535/217/1 559/218/1 560/219/1
f 560/219/1 534/220/1 535/217/1
f 513/221/1 580/222/1 581/223/1
f 533/224/1 561/225/1 562/226/1
f 513/221/1 581/223/1 512/227/1
f 582/228/1 512/227/1 581/223/1
f 534/220/1 560/219/1 561/225/1
f 561/225/1 533/224/1 534/220/1
f 579/229/1 514/230/1 515/231/1
f 578/232/1 579/229/1 515/231/1
f 563/233/1 564/234/1 531/235/1
f 532/236/1 563/233/1 531/235/1
f 580/222/1 513/221/1 514/230/1
f 514/230/1 579/229/1 580/222/1
f 563/233/1 532/236/1 562/226/1
f 533/224/1 562/226/1 532/236/1
f 518/237/1 519/238/1 575/239/1
f 574/240/1 575/239/1 519/238/1
f 519/238/1 520/241/1 574/240/1
f 573/242/1 574/240/1 520/241/1
f 520/241/1 521/243/1 573/242/1
f 572/244/1 573/242/1 521/243/1
f 521/243/1 522/245/1 572/244/1
f 571/246/1 572/244/1 522/245/1
f 522/245/1 523/247/1 571/246/1
f 523/247/1 524/248/1 571/246/1
f 570/249/1 571/246/1 524/248/1
f 524/248/1 525/250/1 570/249/1
f 569/251/1 570/249/1 525/250/1
f 525/250/1 526/252/1 569/251/1
f 568/253/1 569/251/1 526/252/1
f 526/252/1 527/254/1 568/253/1
f 567/255/1 568/253/1 527/254/1
f 527/254/1 528/256/1 567/255/1
f 578/232/1 515/231/1 516/257/1
f 577/258/1 578/232/1 516/257/1
f 516/257/1 517/259/1 577/258/1
f 576/260/1 577/258/1 517/259/1
f 517/259/1 518/237/1 576/260/1
f 518/237/1 575/239/1 576/260/1
f 567/255/1 528/256/1 566/261/1
f 528/256/1 529/262/1 566/261/1
f 565/263/1 566/261/1 529/262/1
f 529/262/1 530/264/1 565/263/1
f 564/234/1 565/263/1 530/264/1
f 531/235/1 564/234/1 530/264/1
f 512/227/1 582/228/1 511/205/1
f 583/206/1 511/205/1 582/228/1
f 559/218/1 535/217/1 558/207/1
f 536/208/1 558/207/1 535/217/1
f 599/171/1 600/172/1 687/173/1
f 687/173/1 688/174/1 599/171/1
f 598/175/1 599/171/1 688/174/1
f 688/174/1 689/176/1 598/175/1
f 597/177/1 598/175/1 689/176/1
f 689/176/1 690/4/1 597/177/1
f 596/178/1 597/177/1 690/4/1
f 690/4/1 643/179/1 596/178/1
f 595/5/1 596/178/1 643/179/1
f 642/180/1 595/5/1 643/179/1
f 643/179/1 644/181/1 642/180/1
f 641/182/1 642/180/1 644/181/1
f 644/181/1 645/183/1 641/182/1
f 640/184/1 641/182/1 645/183/1
f 645/183/1 646/185/1 640/184/1
f 639/186/1 640/184/1 646/185/1
f 646/185/1 647/187/1 639/186/1
f 638/188/1 639/186/1 647/187/1
f 604/189/1 683/190/1 603/191/1
f 683/190/1 684/192/1 603/191/1
f 650/193/1 651/194/1 635/195/1
f 651/194/1 634/196/1 635/195/1
f 682/197/1 605/198/1 681/199/1
f 653/200/1 633/201/1 652/202/1
f 680/203/1 606/204/1 607/205/1
f 607/205/1 679/206/1 680/203/1
f 681/199/1 605/198/1 606/204/1
f 606/204/1 680/203/1 681/199/1
f 654/207/1 632/208/1 653/200/1
f 633/201/1 653/200/1 632/208/1
f 605/198/1 682/197/1 604/189/1
f 683/190/1 604/189/1 682/197/1
f 634/196/1 651/194/1 652/202/1
f 652/202/1 633/201/1 634/196/1
f 603/191/1 684/192/1 602/209/1
f 684/192/1 685/210/1 602/209/1
f 601/211/1 602/209/1 685/210/1
f 685/210/1 686/212/1 601/211/1
f 600/172/1 601/211/1 686/212/1
f 687/173/1 600/172/1 686/212/1
f 638/188/1 647/187/1 648/213/1
f 637/214/1 638/188/1 648/213/1
f 648/213/1 649/215/1 637/214/1
f 636/216/1 637/214/1 649/215/1
f 649/215/1 650/193/1 636/216/1
f 650/193/1 635/195/1 636/216/1
f 631/217/1 655/218/1 656/219/1
f 631/217/1 656/219/1 630/220/1
f 609/221/1 676/222/1 677/223/1
f 629/224/1 657/225/1 658/226/1
f 609/221/1 677/223/1 608/227/1
f 678/228/1 608/227/1 677/223/1
f 630/220/1 656/219/1 657/225/1
f 657/225/1 629/224/1 630/220/1
f 675/229/1 610/230/1 611/231/1
f 674/232/1 675/229/1 611/231/1
f 659/233/1 660/234/1 627/235/1
f 628/236/1 659/233/1 627/235/1
f 676/222/1 609/221/1 610/230/1
f 610/230/1 675/229/1 676/222/1
f 659/233/1 628/236/1 658/226/1
f 629/224/1 658/226/1 628/236/1
f 614/237/1 615/238/1 671/239/1
f 670/240/1 671/239/1 615/238/1
f 615/238/1 616/241/1 670/240/1
f 669/242/1 670/240/1 616/241/1
f 616/241/1 617/243/1 669/242/1
f 668/244/1 669/242/1 617/243/1
f 617/243/1 618/245/1 668/244/1
f 667/246/1 668/244/1 618/245/1
f 618/245/1 619/247/1 667/246/1
f 619/247/1 620/248/1 667/246/1
f 666/249/1 667/246/1 620/248/1
f 620/248/1 621/250/1 666/249/1
f 665/251/1 666/249/1 621/250/1
f 621/250/1 622/252/1 665/251/1
f 664/253/1 665/251/1 622/252/1
f 622/252/1 623/254/1 664/253/1
f 663/255/1 664/253/1 623/254/1
f 623/254/1 624/256/1 663/255/1
f 674/232/1 611/231/1 612/257/1
f 673/258/1 674/232/1 612/257/1
f 612/257/1 613/259/1 673/258/1
f 672/260/1 673/258/1 613/259/1
f 613/259/1 614/237/1 672/260/1
f 614/237/1 671/239/1 672/260/1
f 663/255/1 624/256/1 662/261/1
f 624/256/1 625/262/1 662/261/1
f 661/263/1 662/261/1 625/262/1
f 625/262/1 626/264/1 661/263/1
f 660/234/1 661/263/1 626/264/1
f 627/235/1 660/234/1 626/264/1
f 608/227/1 678/228/1 607/205/1
f 679/206/1 607/205/1 678/228/1
f 655/218/1 631/217/1 654/207/1
f 632/208/1 654/207/1 631/217/1
f 692/150/1 693/137/1 694/121/1
f 698/4/1 691/5/1 697/134/1
f 694/121/1 695/102/1 696/103/1
f 696/103/1 697/134/1 694/121/1
f 697/134/1 691/5/1 694/121/1
f 692/150/1 694/121/1 691/5/1
f 701/1/2 700/3/2 702/2/2
f 702/2/2 700/3/2 792/4/2
f 699/5/2 792/4/2 700/3/2
f 705/6/2 704/8/2 791/7/2
f 703/9/2 791/7/2 704/8/2
f 792/4/2 703/9/2 702/2/2
f 703/9/2 792/4/2 791/7/2
f 699/5/2 766/10/2 792/4/2
f 707/11/2 706/13/2 790/12/2
f 707/11/2 789/15/2 708/14/2
f 790/12/2 789/15/2 707/11/2
f 769/16/2 768/18/2 764/17/2
f 765/19/2 764/17/2 768/18/2
f 706/13/2 705/6/2 790/12/2
f 791/7/2 790/12/2 705/6/2
f 768/18/2 767/20/2 765/19/2
f 766/10/2 765/19/2 767/20/2
f 699/5/2 765/19/2 766/10/2
f 786/21/2 741/23/2 787/22/2
f 771/24/2 761/26/2 772/25/2
f 762/27/2 761/26/2 771/24/2
f 710/28/2 709/29/2 741/23/2
f 708/14/2 741/23/2 709/29/2
f 789/15/2 741/23/2 708/14/2
f 788/30/2 741/23/2 789/15/2
f 741/23/2 788/30/2 787/22/2
f 771/24/2 770/31/2 762/27/2
f 762/27/2 770/31/2 763/32/2
f 769/16/2 763/32/2 770/31/2
f 764/17/2 763/32/2 769/16/2
f 734/33/2 714/35/2 735/34/2
f 717/36/2 716/38/2 718/37/2
f 718/37/2 716/38/2 719/39/2
f 719/39/2 716/38/2 720/40/2
f 720/40/2 716/38/2 721/41/2
f 721/41/2 716/38/2 722/42/2
f 722/42/2 716/38/2 723/43/2
f 723/43/2 716/38/2 724/44/2
f 724/44/2 716/38/2 725/45/2
f 725/45/2 716/38/2 726/46/2
f 726/46/2 716/38/2 727/47/2
f 727/47/2 716/38/2 728/48/2
f 716/38/2 715/49/2 728/48/2
f 728/48/2 715/49/2 729/50/2
f 729/50/2 715/49/2 730/51/2
f 730/51/2 715/49/2 731/52/2
f 731/52/2 715/49/2 732/53/2
f 732/53/2 715/49/2 733/54/2
f 714/35/2 733/54/2 715/49/2
f 734/33/2 733/54/2 714/35/2
f 753/55/2 779/57/2 754/56/2
f 714/35/2 713/58/2 735/34/2
f 735/34/2 713/58/2 736/59/2
f 736/59/2 713/58/2 737/60/2
f 712/61/2 737/60/2 713/58/2
f 737/60/2 712/61/2 738/62/2
f 738/62/2 712/61/2 739/63/2
f 711/64/2 739/63/2 712/61/2
f 739/63/2 711/64/2 740/65/2
f 710/28/2 740/65/2 711/64/2
f 741/23/2 740/65/2 710/28/2
f 786/21/2 742/66/2 741/23/2
f 742/66/2 786/21/2 743/67/2
f 785/68/2 743/67/2 786/21/2
f 743/67/2 785/68/2 744/69/2
f 744/69/2 785/68/2 745/70/2
f 784/71/2 745/70/2 785/68/2
f 745/70/2 784/71/2 746/72/2
f 783/73/2 746/72/2 784/71/2
f 746/72/2 783/73/2 747/74/2
f 747/74/2 783/73/2 748/75/2
f 782/76/2 748/75/2 783/73/2
f 748/75/2 782/76/2 749/77/2
f 749/77/2 782/76/2 750/78/2
f 781/79/2 750/78/2 782/76/2
f 750/78/2 781/79/2 751/80/2
f 780/81/2 751/80/2 781/79/2
f 751/80/2 780/81/2 752/82/2
f 752/82/2 780/81/2 753/55/2
f 753/55/2 780/81/2 779/57/2
f 779/57/2 778/83/2 754/56/2
f 754/56/2 778/83/2 755/84/2
f 777/85/2 755/84/2 778/83/2
f 755/84/2 777/85/2 756/86/2
f 776/87/2 756/86/2 777/85/2
f 756/86/2 776/87/2 757/88/2
f 775/89/2 757/88/2 776/87/2
f 757/88/2 775/89/2 758/90/2
f 774/91/2 758/90/2 775/89/2
f 758/90/2 774/91/2 759/92/2
f 773/93/2 759/92/2 774/91/2
f 759/92/2 773/93/2 760/94/2
f 772/25/2 760/94/2 773/93/2
f 761/26/2 760/94/2 772/25/2
f 845/95/2 843/97/2 846/96/2
f 849/98/2 835/100/2 850/99/2
f 835/100/2 849/98/2 836/101/2
f 836/101/2 849/98/2 837/102/2
f 848/103/2 837/102/2 849/98/2
f 837/102/2 848/103/2 838/104/2
f 838/104/2 848/103/2 839/105/2
f 847/106/2 839/105/2 848/103/2
f 839/105/2 847/106/2 840/107/2
f 840/107/2 847/106/2 841/108/2
f 846/96/2 841/108/2 847/106/2
f 841/108/2 846/96/2 842/109/2
f 843/97/2 842/109/2 846/96/2
f 845/95/2 844/110/2 843/97/2
f 824/111/2 823/113/2 856/112/2
f 858/114/2 857/116/2 820/115/2
f 820/115/2 857/116/2 821/117/2
f 822/118/2 821/117/2 857/116/2
f 857/116/2 856/112/2 822/118/2
f 823/113/2 822/118/2 856/112/2
f 856/112/2 855/119/2 824/111/2
f 824/111/2 855/119/2 825/120/2
f 825/120/2 855/119/2 826/121/2
f 854/122/2 826/121/2 855/119/2
f 827/123/2 826/121/2 854/122/2
f 854/122/2 853/124/2 827/123/2
f 827/123/2 853/124/2 828/125/2
f 828/125/2 853/124/2 829/126/2
f 852/127/2 829/126/2 853/124/2
f 829/126/2 852/127/2 830/128/2
f 830/128/2 852/127/2 831/129/2
f 851/130/2 831/129/2 852/127/2
f 831/129/2 851/130/2 832/131/2
f 832/131/2 851/130/2 833/132/2
f 850/99/2 833/132/2 851/130/2
f 833/132/2 850/99/2 834/133/2
f 835/100/2 834/133/2 850/99/2
f 859/134/2 818/136/2 817/135/2
f 815/137/2 860/139/2 816/138/2
f 860/139/2 815/137/2 814/140/2
f 860/139/2 859/134/2 816/138/2
f 817/135/2 816/138/2 859/134/2
f 812/141/2 862/143/2 861/142/2
f 811/144/2 862/143/2 812/141/2
f 810/145/2 862/143/2 811/144/2
f 814/140/2 861/142/2 860/139/2
f 813/146/2 861/142/2 814/140/2
f 861/142/2 813/146/2 812/141/2
f 870/4/2 795/147/2 793/5/2
f 794/148/2 793/5/2 795/147/2
f 803/149/2 866/151/2 804/150/2
f 866/151/2 803/149/2 867/152/2
f 802/153/2 867/152/2 803/149/2
f 801/154/2 867/152/2 802/153/2
f 867/152/2 801/154/2 868/155/2
f 800/156/2 868/155/2 801/154/2
f 799/157/2 868/155/2 800/156/2
f 868/155/2 799/157/2 869/158/2
f 798/159/2 869/158/2 799/157/2
f 797/160/2 869/158/2 798/159/2
f 869/158/2 797/160/2 870/4/2
f 796/161/2 870/4/2 797/160/2
f 870/4/2 796/161/2 795/147/2
f 810/145/2 863/162/2 862/143/2
f 809/163/2 863/162/2 810/145/2
f 808/164/2 863/162/2 809/163/2
f 863/162/2 808/164/2 864/165/2
f 807/166/2 864/165/2 808/164/2
f 806/167/2 864/165/2 807/166/2
f 864/165/2 806/167/2 865/168/2
f 805/169/2 865/168/2 806/167/2
f 865/168/2 805/169/2 866/151/2
f 866/151/2 805/169/2 804/150/2
f 859/134/2 858/114/2 818/136/2
f 818/136/2 858/114/2 819/170/2
f 820/115/2 819/170/2 858/114/2
f 875/171/2 963/173/2 876/172/2
f 963/173/2 875/171/2 964/174/2
f 874/175/2 964/174/2 875/171/2
f 964/174/2 874/175/2 965/176/2
f 873/177/2 965/176/2 874/175/2
f 965/176/2 873/177/2 966/4/2
f 872/178/2 966/4/2 873/177/2
f 966/4/2 872/178/2 919/179/2
f 871/5/2 919/179/2 872/178/2
f 918/180/2 919/179/2 871/5/2
f 919/179/2 918/180/2 920/181/2
f 917/182/2 920/181/2 918/180/2
f 920/181/2 917/182/2 921/183/2
f 916/184/2 921/183/2 917/182/2
f 921/183/2 916/184/2 922/185/2
f 915/186/2 922/185/2 916/184/2
f 922/185/2 915/186/2 923/187/2
f 914/188/2 923/187/2 915/186/2
f 880/189/2 879/191/2 959/190/2
f 959/190/2 879/191/2 960/192/2
f 926/193/2 911/195/2 927/194/2
f 927/194/2 911/195/2 910/196/2
f 958/197/2 957/199/2 881/198/2
f 929/200/2 928/202/2 909/201/2
f 956/203/2 883/205/2 882/204/2
f 883/205/2 956/203/2 955/206/2
f 957/199/2 882/204/2 881/198/2
f 882/204/2 957/199/2 956/203/2
f 930/207/2 929/200/2 908/208/2
f 909/201/2 908/208/2 929/200/2
f 881/198/2 880/189/2 958/197/2
f 959/190/2 958/197/2 880/189/2
f 910/196/2 928/202/2 927/194/2
f 928/202/2 910/196/2 909/201/2
f 879/191/2 878/209/2 960/192/2
f 960/192/2 878/209/2 961/210/2
f 877/211/2 961/210/2 878/209/2
f 961/210/2 877/211/2 962/212/2
f 876/172/2 962/212/2 877/211/2
f 963/173/2 962/212/2 876/172/2
f 914/188/2 924/213/2 923/187/2
f 913/214/2 924/213/2 914/188/2
f 924/213/2 913/214/2 925/215/2
f 912/216/2 925/215/2 913/214/2
f 925/215/2 912/216/2 926/193/2
f 926/193/2 912/216/2 911/195/2
f 907/217/2 932/219/2 931/218/2
f 907/217/2 906/220/2 932/219/2
f 885/221/2 953/223/2 952/222/2
f 905/224/2 934/226/2 933/225/2
f 885/221/2 884/227/2 953/223/2
f 954/228/2 953/223/2 884/227/2
f 906/220/2 933/225/2 932/219/2
f 933/225/2 906/220/2 905/224/2
f 951/229/2 887/231/2 886/230/2
f 950/232/2 887/231/2 951/229/2
f 935/233/2 903/235/2 936/234/2
f 904/236/2 903/235/2 935/233/2
f 952/222/2 886/230/2 885/221/2
f 886/230/2 952/222/2 951/229/2
f 935/233/2 934/226/2 904/236/2
f 905/224/2 904/236/2 934/226/2
f 890/237/2 947/239/2 891/238/2
f 946/240/2 891/238/2 947/239/2
f 891/238/2 946/240/2 892/241/2
f 945/242/2 892/241/2 946/240/2
f 892/241/2 945/242/2 893/243/2
f 944/244/2 893/243/2 945/242/2
f 893/243/2 944/244/2 894/245/2
f 943/246/2 894/245/2 944/244/2
f 894/245/2 943/246/2 895/247/2
f 895/247/2 943/246/2 896/248/2
f 942/249/2 896/248/2 943/246/2
f 896/248/2 942/249/2 897/250/2
f 941/251/2 897/250/2 942/249/2
f 897/250/2 941/251/2 898/252/2
f 940/253/2 898/252/2 941/251/2
f 898/252/2 940/253/2 899/254/2
f 939/255/2 899/254/2 940/253/2
f 899/254/2 939/255/2 900/256/2
f 950/232/2 888/257/2 887/231/2
f 949/258/2 888/257/2 950/232/2
f 888/257/2 949/258/2 889/259/2
f 948/260/2 889/259/2 949/258/2
f 889/259/2 948/260/2 890/237/2
f 890/237/2 948/260/2 947/239/2
f 939/255/2 938/261/2 900/256/2
f 900/256/2 938/261/2 901/262/2
f 937/263/2 901/262/2 938/261/2
f 901/262/2 937/263/2 902/264/2
f 936/234/2 902/264/2 937/263/2
f 903/235/2 902/264/2 936/234/2
f 884/227/2 883/205/2 954/228/2
f 955/206/2 954/228/2 883/205/2
f 931/218/2 930/207/2 907/217/2
f 908/208/2 907/217/2 930/207/2
f 968/150/2 970/121/2 969/137/2
f 974/4/2 973/134/2 967/5/2
f 970/121/2 972/103/2 971/102/2
f 972/103/2 970/121/2 973/134/2
f 973/134/2 970/121/2 967/5/2
f 968/150/2 967/5/2 970/121/2
f 1032/265/2 1036/267/2 1033/266/2
f 1033/266/2 1036/267/2 1034/268/2
f 1035/269/2 1034/268/2 1036/267/2
f 1039/270/2 1029/272/2 1040/271/2
f 1039/270/2 1038/273/2 1029/272/2
f 1029/272/2 1038/273/2 1030/125/2
f 1037/274/2 1030/125/2 1038/273/2
f 1030/125/2 1037/274/2 1031/275/2
f 1036/267/2 1031/275/2 1037/274/2
f 1032/265/2 1031/275/2 1036/267/2
f 1000/276/2 1071/278/2 1001/277/2
f 999/279/2 1071/278/2 1000/276/2
f 1071/278/2 999/279/2 1072/280/2
f 998/281/2 1072/280/2 999/279/2
f 1072/280/2 998/281/2 1073/282/2
f 997/166/2 1073/282/2 998/281/2
f 1073/282/2 997/166/2 1074/112/2
f 996/283/2 1074/112/2 997/166/2
f 1044/284/2 1043/286/2 1026/285/2
f 1046/287/2 1045/289/2 1024/288/2
f 1024/288/2 1045/289/2 1025/290/2
f 1048/291/2 1047/293/2 1023/292/2
f 988/294/2 1083/296/2 1082/295/2
f 1024/288/2 1047/293/2 1046/287/2
f 1047/293/2 1024/288/2 1023/292/2
f 989/297/2 1082/295/2 1081/298/2
f 1082/295/2 989/297/2 988/294/2
f 1045/289/2 1044/284/2 1025/290/2
f 1026/285/2 1025/290/2 1044/284/2
f 1005/299/2 1004/301/2 1068/300/2
f 1069/302/2 1068/300/2 1004/301/2
f 991/303/2 1080/305/2 1079/304/2
f 990/306/2 1080/305/2 991/303/2
f 1080/305/2 990/306/2 1081/298/2
f 1081/298/2 990/306/2 989/297/2
f 1043/286/2 1042/307/2 1026/285/2
f 1026/285/2 1042/307/2 1027/308/2
f 1041/100/2 1027/308/2 1042/307/2
f 1027/308/2 1041/100/2 1028/309/2
f 1040/271/2 1028/309/2 1041/100/2
f 1029/272/2 1028/309/2 1040/271/2
f 1004/301/2 1003/310/2 1069/302/2
f 1002/311/2 1069/302/2 1003/310/2
f 1069/302/2 1002/311/2 1070/312/2
f 1001/277/2 1070/312/2 1002/311/2
f 1071/278/2 1070/312/2 1001/277/2
f 996/283/2 1075/313/2 1074/112/2
f 995/314/2 1075/313/2 996/283/2
f 1075/313/2 995/314/2 1076/315/2
f 994/316/2 1076/315/2 995/314/2
f 1076/315/2 994/316/2 1077/317/2
f 993/318/2 1077/317/2 994/316/2
f 1077/317/2 993/318/2 1078/319/2
f 992/320/2 1078/319/2 993/318/2
f 1078/319/2 992/320/2 1079/304/2
f 1079/304/2 992/320/2 991/303/2
f 1085/162/2 1084/322/2 987/321/2
f 1086/323/2 986/156/2 985/324/2
f 1087/325/2 1086/323/2 984/326/2
f 985/324/2 984/326/2 1086/323/2
f 1021/327/2 1049/329/2 1022/328/2
f 1086/323/2 1085/162/2 986/156/2
f 987/321/2 986/156/2 1085/162/2
f 983/330/2 982/332/2 1088/331/2
f 1021/327/2 1050/333/2 1049/329/2
f 1020/334/2 1050/333/2 1021/327/2
f 1050/333/2 1020/334/2 1051/335/2
f 1051/335/2 1020/334/2 1019/117/2
f 1066/336/2 1065/338/2 1007/337/2
f 1088/331/2 1087/325/2 983/330/2
f 984/326/2 983/330/2 1087/325/2
f 1095/339/2 975/5/2 1096/4/2
f 1094/340/2 975/5/2 1095/339/2
f 1056/341/2 1014/343/2 1057/342/2
f 1013/344/2 1057/342/2 1014/343/2
f 1057/342/2 1013/344/2 1058/345/2
f 1012/346/2 1058/345/2 1013/344/2
f 1058/345/2 1012/346/2 1059/347/2
f 1011/348/2 1059/347/2 1012/346/2
f 1059/347/2 1011/348/2 1060/349/2
f 1010/350/2 1060/349/2 1011/348/2
f 1060/349/2 1010/350/2 1061/351/2
f 1061/351/2 1010/350/2 1062/352/2
f 1094/340/2 1093/353/2 975/5/2
f 1092/354/2 975/5/2 1093/353/2
f 975/5/2 1092/354/2 976/355/2
f 976/355/2 1092/354/2 977/356/2
f 1091/357/2 977/356/2 1092/354/2
f 978/358/2 977/356/2 1091/357/2
f 1019/117/2 1052/109/2 1051/335/2
f 1018/359/2 1052/109/2 1019/117/2
f 1052/109/2 1018/359/2 1053/360/2
f 1017/361/2 1053/360/2 1018/359/2
f 1053/360/2 1017/361/2 1054/362/2
f 1016/363/2 1054/362/2 1017/361/2
f 1054/362/2 1016/363/2 1055/364/2
f 1015/365/2 1055/364/2 1016/363/2
f 1055/364/2 1015/365/2 1056/341/2
f 1056/341/2 1015/365/2 1014/343/2
f 1010/350/2 1009/366/2 1062/352/2
f 1062/352/2 1009/366/2 1063/98/2
f 1008/140/2 1063/98/2 1009/366/2
f 1063/98/2 1008/140/2 1064/367/2
f 1007/337/2 1064/367/2 1008/140/2
f 1065/338/2 1064/367/2 1007/337/2
f 1091/357/2 1090/368/2 978/358/2
f 978/358/2 1090/368/2 979/369/2
f 979/369/2 1090/368/2 980/370/2
f 1089/371/2 980/370/2 1090/368/2
f 980/370/2 1089/371/2 981/372/2
f 1088/331/2 981/372/2 1089/371/2
f 982/332/2 981/372/2 1088/331/2
f 1049/329/2 1048/291/2 1022/328/2
f 1023/292/2 1022/328/2 1048/291/2
f 1007/337/2 1006/373/2 1066/336/2
f 1066/336/2 1006/373/2 1067/374/2
f 1005/299/2 1067/374/2 1006/373/2
f 1068/300/2 1067/374/2 1005/299/2
f 988/294/2 1084/322/2 1083/296/2
f 1084/322/2 988/294/2 987/321/2
f 1102/4/2 1098/237/2 1097/5/2
f 1098/237/2 1102/4/2 1099/201/2
f 1101/239/2 1099/201/2 1102/4/2
f 1099/201/2 1101/239/2 1100/202/2
f 1105/1/2 1104/3/2 1106/2/2
f 1106/2/2 1104/3/2 1196/4/2
f 1103/5/2 1196/4/2 1104/3/2
f 1109/6/2 1108/8/2 1195/7/2
f 1107/9/2 1195/7/2 1108/8/2
f 1196/4/2 1107/9/2 1106/2/2
f 1107/9/2 1196/4/2 1195/7/2
f 1103/5/2 1170/10/2 1196/4/2
f 1111/11/2 1110/13/2 1194/12/2
f 1111/11/2 1193/15/2 1112/14/2
f 1194/12/2 1193/15/2 1111/11/2
f 1173/16/2 1172/18/2 1168/17/2
f 1169/19/2 1168/17/2 1172/18/2
f 1110/13/2 1109/6/2 1194/12/2
f 1195/7/2 1194/12/2 1109/6/2
f 1172/18/2 1171/20/2 1169/19/2
f 1170/10/2 1169/19/2 1171/20/2
f 1103/5/2 1169/19/2 1170/10/2
f 1190/21/2 1145/23/2 1191/22/2
f 1175/24/2 1165/26/2 1176/25/2
f 1166/27/2 1165/26/2 1175/24/2
f 1114/28/2 1113/29/2 1145/23/2
f 1112/14/2 1145/23/2 1113/29/2
f 1193/15/2 1145/23/2 1112/14/2
f 1192/30/2 1145/23/2 1193/15/2
f 1145/23/2 1192/30/2 1191/22/2
f 1175/24/2 1174/31/2 1166/27/2
f 1166/27/2 1174/31/2 1167/32/2
f 1173/16/2 1167/32/2 1174/31/2
f 1168/17/2 1167/32/2 1173/16/2
f 1138/33/2 1118/35/2 1139/34/2
f 1121/36/2 1120/38/2 1122/37/2
f 1122/37/2 1120/38/2 1123/39/2
f 1123/39/2 1120/38/2 1124/40/2
f 1124/40/2 1120/38/2 1125/41/2
f 1125/41/2 1120/38/2 1126/42/2
f 1126/42/2 1120/38/2 1127/43/2
f 1127/43/2 1120/38/2 1128/44/2
f 1128/44/2 1120/38/2 1129/45/2
f 1129/45/2 1120/38/2 1130/46/2
f 1130/46/2 1120/38/2 1131/47/2
f 1131/47/2 1120/38/2 1132/48/2
f 1120/38/2 1119/49/2 1132/48/2
f 1132/48/2 1119/49/2 1133/50/2
f 1133/50/2 1119/49/2 1134/51/2
f 1134/51/2 1119/49/2 1135/52/2
f 1135/52/2 1119/49/2 1136/53/2
f 1136/53/2 1119/49/2 1137/54/2
f 1118/35/2 1137/54/2 1119/49/2
f 1138/33/2 1137/54/2 1118/35/2
f 1157/55/2 1183/57/2 1158/56/2
f 1118/35/2 1117/58/2 1139/34/2
f 1139/34/2 1117/58/2 1140/59/2
f 1140/59/2 1117/58/2 1141/60/2
f 1116/61/2 1141/60/2 1117/58/2
f 1141/60/2 1116/61/2 1142/62/2
f 1142/62/2 1116/61/2 1143/63/2
f 1115/64/2 1143/63/2 1116/61/2
f 1143/63/2 1115/64/2 1144/65/2
f 1114/28/2 1144/65/2 1115/64/2
f 1145/23/2 1144/65/2 1114/28/2
f 1190/21/2 1146/66/2 1145/23/2
f 1146/66/2 1190/21/2 1147/67/2
f 1189/68/2 1147/67/2 1190/21/2
f 1147/67/2 1189/68/2 1148/69/2
f 1148/69/2 1189/68/2 1149/70/2
f 1188/71/2 1149/70/2 1189/68/2
f 1149/70/2 1188/71/2 1150/72/2
f 1187/73/2 1150/72/2 1188/71/2
f 1150/72/2 1187/73/2 1151/74/2
f 1151/74/2 1187/73/2 1152/75/2
f 1186/76/2 1152/75/2 1187/73/2
f 1152/75/2 1186/76/2 1153/77/2
f 1153/77/2 1186/76/2 1154/78/2
f 1185/79/2 1154/78/2 1186/76/2
f 1154/78/2 1185/79/2 1155/80/2
f 1184/81/2 1155/80/2 1185/79/2
f 1155/80/2 1184/81/2 1156/82/2
f 1156/82/2 1184/81/2 1157/55/2
f 1157/55/2 1184/81/2 1183/57/2
f 1183/57/2 1182/83/2 1158/56/2
f 1158/56/2 1182/83/2 1159/84/2
f 1181/85/2 1159/84/2 1182/83/2
f 1159/84/2 1181/85/2 1160/86/2
f 1180/87/2 1160/86/2 1181/85/2
f 1160/86/2 1180/87/2 1161/88/2
f 1179/89/2 1161/88/2 1180/87/2
f 1161/88/2 1179/89/2 1162/90/2
f 1178/91/2 1162/90/2 1179/89/2
f 1162/90/2 1178/91/2 1163/92/2
f 1177/93/2 1163/92/2 1178/91/2
f 1163/92/2 1177/93/2 1164/94/2
f 1176/25/2 1164/94/2 1177/93/2
f 1165/26/2 1164/94/2 1176/25/2
f 1201/171/2 1289/173/2 1202/172/2
f 1289/173/2 1201/171/2 1290/174/2
f 1200/175/2 1290/174/2 1201/171/2
f 1290/174/2 1200/175/2 1291/176/2
f 1199/177/2 1291/176/2 1200/175/2
f 1291/176/2 1199/177/2 1292/4/2
f 1198/178/2 1292/4/2 1199/177/2
f 1292/4/2 1198/178/2 1245/179/2
f 1197/5/2 1245/179/2 1198/178/2
f 1244/180/2 1245/179/2 1197/5/2
f 1245/179/2 1244/180/2 1246/181/2
f 1243/182/2 1246/181/2 1244/180/2
f 1246/181/2 1243/182/2 1247/183/2
f 1242/184/2 1247/183/2 1243/182/2
f 1247/183/2 1242/184/2 1248/185/2
f 1241/186/2 1248/185/2 1242/184/2
f 1248/185/2 1241/186/2 1249/187/2
f 1240/188/2 1249/187/2 1241/186/2
f 1206/189/2 1205/191/2 1285/190/2
f 1285/190/2 1205/191/2 1286/192/2
f 1252/193/2 1237/195/2 1253/194/2
f 1253/194/2 1237/195/2 1236/196/2
f 1284/197/2 1283/199/2 1207/198/2
f 1255/200/2 1254/202/2 1235/201/2
f 1282/203/2 1209/205/2 1208/204/2
f 1209/205/2 1282/203/2 1281/206/2
f 1283/199/2 1208/204/2 1207/198/2
f 1208/204/2 1283/199/2 1282/203/2
f 1256/207/2 1255/200/2 1234/208/2
f 1235/201/2 1234/208/2 1255/200/2
f 1207/198/2 1206/189/2 1284/197/2
f 1285/190/2 1284/197/2 1206/189/2
f 1236/196/2 1254/202/2 1253/194/2
f 1254/202/2 1236/196/2 1235/201/2
f 1205/191/2 1204/209/2 1286/192/2
f 1286/192/2 1204/209/2 1287/210/2
f 1203/211/2 1287/210/2 1204/209/2
f 1287/210/2 1203/211/2 1288/212/2
f 1202/172/2 1288/212/2 1203/211/2
f 1289/173/2 1288/212/2 1202/172/2
f 1240/188/2 1250/213/2 1249/187/2
f 1239/214/2 1250/213/2 1240/188/2
f 1250/213/2 1239/214/2 1251/215/2
f 1238/216/2 1251/215/2 1239/214/2
f 1251/215/2 1238/216/2 1252/193/2
f 1252/193/2 1238/216/2 1237/195/2
f 1233/217/2 1258/219/2 1257/218/2
f 1258/219/2 1233/217/2 1232/220/2
f 1211/221/2 1279/223/2 1278/222/2
f 1231/224/2 1260/226/2 1259/225/2
f 1211/221/2 1210/227/2 1279/223/2
f 1280/228/2 1279/223/2 1210/227/2
f 1232/220/2 1259/225/2 1258/219/2
f 1259/225/2 1232/220/2 1231/224/2
f 1277/229/2 1213/231/2 1212/230/2
f 1276/232/2 1213/231/2 1277/229/2
f 1261/233/2 1229/235/2 1262/234/2
f 1230/236/2 1229/235/2 1261/233/2
f 1278/222/2 1212/230/2 1211/221/2
f 1212/230/2 1278/222/2 1277/229/2
f 1261/233/2 1260/226/2 1230/236/2
f 1231/224/2 1230/236/2 1260/226/2
f 1216/237/2 1273/239/2 1217/238/2
f 1272/240/2 1217/238/2 1273/239/2
f 1217/238/2 1272/240/2 1218/241/2
f 1271/242/2 1218/241/2 1272/240/2
f 1218/241/2 1271/242/2 1219/243/2
f 1270/244/2 1219/243/2 1271/242/2
f 1219/243/2 1270/244/2 1220/245/2
f 1269/246/2 1220/245/2 1270/244/2
f 1220/245/2 1269/246/2 1221/247/2
f 1221/247/2 1269/246/2 1222/248/2
f 1268/249/2 1222/248/2 1269/246/2
f 1222/248/2 1268/249/2 1223/250/2
f 1267/251/2 1223/250/2 1268/249/2
f 1223/250/2 1267/251/2 1224/252/2
f 1266/253/2 1224/252/2 1267/251/2
f 1224/252/2 1266/253/2 1225/254/2
f 1265/255/2 1225/254/2 1266/253/2
f 1225/254/2 1265/255/2 1226/256/2
f 1276/232/2 1214/257/2 1213/231/2
f 1275/258/2 1214/257/2 1276/232/2
f 1214/257/2 1275/258/2 1215/259/2
f 1274/260/2 1215/259/2 1275/258/2
f 1215/259/2 1274/260/2 1216/237/2
f 1216/237/2 1274/260/2 1273/239/2
f 1265/255/2 1264/261/2 1226/256/2
f 1226/256/2 1264/261/2 1227/262/2
f 1263/263/2 1227/262/2 1264/261/2
f 1227/262/2 1263/263/2 1228/264/2
f 1262/234/2 1228/264/2 1263/263/2
f 1229/235/2 1228/264/2 1262/234/2
f 1210/227/2 1209/205/2 1280/228/2
f 1281/206/2 1280/228/2 1209/205/2
f 1257/218/2 1256/207/2 1233/217/2
f 1234/208/2 1233/217/2 1256/207/2
f 1297/171/2 1385/173/2 1298/172/2
f 1385/173/2 1297/171/2 1386/174/2
f 1296/175/2 1386/174/2 1297/171/2
f 1386/174/2 1296/175/2 1387/176/2
f 1295/177/2 1387/176/2 1296/175/2
f 1387/176/2 1295/177/2 1388/4/2
f 1294/178/2 1388/4/2 1295/177/2
f 1388/4/2 1294/178/2 1341/179/2
f 1293/5/2 1341/179/2 1294/178/2
f 1340/180/2 1341/179/2 1293/5/2
f 1341/179/2 1340/180/2 1342/181/2
f 1339/182/2 1342/181/2 1340/180/2
f 1342/181/2 1339/182/2 1343/183/2
f 1338/184/2 1343/183/2 1339/182/2
f 1343/183/2 1338/184/2 1344/185/2
f 1337/186/2 1344/185/2 1338/184/2
f 1344/185/2 1337/186/2 1345/187/2
f 1336/188/2 1345/187/2 1337/186/2
f 1302/189/2 1301/191/2 1381/190/2
f 1381/190/2 1301/191/2 1382/192/2
f 1348/193/2 1333/195/2 1349/194/2
f 1349/194/2 1333/195/2 1332/196/2
f 1380/197/2 1379/199/2 1303/198/2
f 1351/200/2 1350/202/2 1331/201/2
f 1378/203/2 1305/205/2 1304/204/2
f 1305/205/2 1378/203/2 1377/206/2
f 1379/199/2 1304/204/2 1303/198/2
f 1304/204/2 1379/199/2 1378/203/2
f 1352/207/2 1351/200/2 1330/208/2
f 1331/201/2 1330/208/2 1351/200/2
f 1303/198/2 1302/189/2 1380/197/2
f 1381/190/2 1380/197/2 1302/189/2
f 1332/196/2 1350/202/2 1349/194/2
f 1350/202/2 1332/196/2 1331/201/2
f 1301/191/2 1300/209/2 1382/192/2
f 1382/192/2 1300/209/2 1383/210/2
f 1299/211/2 1383/210/2 1300/209/2
f 1383/210/2 1299/211/2 1384/212/2
f 1298/172/2 1384/212/2 1299/211/2
f 1385/173/2 1384/212/2 1298/172/2
f 1336/188/2 1346/213/2 1345/187/2
f 1335/214/2 1346/213/2 1336/188/2
f 1346/213/2 1335/214/2 1347/215/2
f 1334/216/2 1347/215/2 1335/214/2
f 1347/215/2 1334/216/2 1348/193/2
f 1348/193/2 1334/216/2 1333/195/2
f 1329/217/2 1354/219/2 1353/218/2
f 1329/217/2 1328/220/2 1354/219/2
f 1307/221/2 1375/223/2 1374/222/2
f 1327/224/2 1356/226/2 1355/225/2
f 1307/221/2 1306/227/2 1375/223/2
f 1376/228/2 1375/223/2 1306/227/2
f 1328/220/2 1355/225/2 1354/219/2
f 1355/225/2 1328/220/2 1327/224/2
f 1373/229/2 1309/231/2 1308/230/2
f 1372/232/2 1309/231/2 1373/229/2
f 1357/233/2 1325/235/2 1358/234/2
f 1326/236/2 1325/235/2 1357/233/2
f 1374/222/2 1308/230/2 1307/221/2
f 1308/230/2 1374/222/2 1373/229/2
f 1357/233/2 1356/226/2 1326/236/2
f 1327/224/2 1326/236/2 1356/226/2
f 1312/237/2 1369/239/2 1313/238/2
f 1368/240/2 1313/238/2 1369/239/2
f 1313/238/2 1368/240/2 1314/241/2
f 1367/242/2 1314/241/2 1368/240/2
f 1314/241/2 1367/242/2 1315/243/2
f 1366/244/2 1315/243/2 1367/242/2
f 1315/243/2 1366/244/2 1316/245/2
f 1365/246/2 1316/245/2 1366/244/2
f 1316/245/2 1365/246/2 1317/247/2
f 1317/247/2 1365/246/2 1318/248/2
f 1364/249/2 1318/248/2 1365/246/2
f 1318/248/2 1364/249/2 1319/250/2
f 1363/251/2 1319/250/2 1364/249/2
f 1319/250/2 1363/251/2 1320/252/2
f 1362/253/2 1320/252/2 1363/251/2
f 1320/252/2 1362/253/2 1321/254/2
f 1361/255/2 1321/254/2 1362/253/2
f 1321/254/2 1361/255/2 1322/256/2
f 1372/232/2 1310/257/2 1309/231/2
f 1371/258/2 1310/257/2 1372/232/2
f 1310/257/2 1371/258/2 1311/259/2
f 1370/260/2 1311/259/2 1371/258/2
f 1311/259/2 1370/260/2 1312/237/2
f 1312/237/2 1370/260/2 1369/239/2
f 1361/255/2 1360/261/2 1322/256/2
f 1322/256/2 1360/261/2 1323/262/2
f 1359/263/2 1323/262/2 1360/261/2
f 1323/262/2 1359/263/2 1324/264/2
f 1358/234/2 1324/264/2 1359/263/2
f 1325/235/2 1324/264/2 1358/234/2
f 1306/227/2 1305/205/2 1376/228/2
f 1377/206/2 1376/228/2 1305/205/2
f 1353/218/2 1352/207/2 1329/217/2
f 1330/208/2 1329/217/2 1352/207/2
f 1390/150/2 1392/121/2 1391/137/2
f 1396/4/2 1395/134/2 1389/5/2
f 1392/121/2 1394/103/2 1393/102/2
f 1394/103/2 1392/121/2 1395/134/2
f 1395/134/2 1392/121/2 1389/5/2
f 1390/150/2 1389/5/2 1392/121/2
f 3/1/3 2/3/3 700/3/3 701/1/3
f 4/2/4 3/1/4 701/1/4 702/2/4
f 2/3/5 1/5/5 699/5/5 700/3/5
f 7/6/6 6/8/6 704/8/6 705/6/6
f 6/8/7 5/9/7 703/9/7 704/8/7
f 5/9/3 4/2/3 702/2/3 703/9/3
f 94/4/8 93/7/8 791/7/8 792/4/8
f 68/10/4 94/4/4 792/4/4 766/10/4
f 9/11/9 8/13/9 706/13/9 707/11/9
f 10/14/10 9/11/10 707/11/10 708/14/10
f 92/12/11 91/15/11 789/15/11 790/12/11
f 71/16/12 70/18/12 768/18/12 769/16/12
f 67/19/13 66/17/13 764/17/13 765/19/13
f 8/13/14 7/6/14 705/6/14 706/13/14
f 93/7/15 92/12/15 790/12/15 791/7/15
f 70/18/16 69/20/16 767/20/16 768/18/16
f 69/20/3 68/10/3 766/10/3 767/20/3
f 1/5/8 67/19/8 765/19/8 699/5/8
f 89/22/17 88/21/17 786/21/17 787/22/17
f 74/25/18 73/24/18 771/24/18 772/25/18
f 64/27/19 63/26/19 761/26/19 762/27/19
f 12/28/20 11/29/20 709/29/20 710/28/20
f 11/29/21 10/14/21 708/14/21 709/29/21
f 91/15/22 90/30/22 788/30/22 789/15/22
f 90/30/23 89/22/23 787/22/23 788/30/23
f 73/24/24 72/31/24 770/31/24 771/24/24
f 65/32/25 64/27/25 762/27/25 763/32/25
f 72/31/26 71/16/26 769/16/26 770/31/26
f 66/17/27 65/32/27 763/32/27 764/17/27
f 37/34/28 36/33/28 734/33/28 735/34/28
f 19/36/3 18/38/3 716/38/3 717/36/3
f 20/37/29 19/36/29 717/36/29 718/37/29
f 21/39/30 20/37/30 718/37/30 719/39/30
f 22/40/31 21/39/31 719/39/31 720/40/31
f 23/41/32 22/40/32 720/40/32 721/41/32
f 24/42/33 23/41/33 721/41/33 722/42/33
f 25/43/34 24/42/34 722/42/34 723/43/34
f 26/44/35 25/43/35 723/43/35 724/44/35
f 27/45/36 26/44/36 724/44/36 725/45/36
f 28/46/37 27/45/37 725/45/37 726/46/37
f 29/47/38 28/46/38 726/46/38 727/47/38
f 30/48/39 29/47/39 727/47/39 728/48/39
f 18/38/40 17/49/40 715/49/40 716/38/40
f 31/50/41 30/48/41 728/48/41 729/50/41
f 32/51/42 31/50/42 729/50/42 730/51/42
f 33/52/43 32/51/43 730/51/43 731/52/43
f 34/53/44 33/52/44 731/52/44 732/53/44
f 35/54/45 34/53/45 732/53/45 733/54/45
f 17/49/46 16/35/46 714/35/46 715/49/46
f 36/33/47 35/54/47 733/54/47 734/33/47
f 56/56/48 55/55/48 753/55/48 754/56/48
f 16/35/49 15/58/49 713/58/49 714/35/49
f 38/59/50 37/34/50 735/34/50 736/59/50
f 39/60/51 38/59/51 736/59/51 737/60/51
f 15/58/52 14/61/52 712/61/52 713/58/52
f 40/62/53 39/60/53 737/60/53 738/62/53
f 41/63/54 40/62/54 738/62/54 739/63/54
f 14/61/55 13/64/55 711/64/55 712/61/55
f 42/65/56 41/63/56 739/63/56 740/65/56
f 13/64/57 12/28/57 710/28/57 711/64/57
f 43/23/58 42/65/58 740/65/58 741/23/58
f 44/66/59 43/23/59 741/23/59 742/66/59
f 45/67/60 44/66/60 742/66/60 743/67/60
f 88/21/61 87/68/61 785/68/61 786/21/61
f 46/69/62 45/67/62 743/67/62 744/69/62
f 47/70/63 46/69/63 744/69/63 745/70/63
f 87/68/64 86/71/64 784/71/64 785/68/64
f 48/72/65 47/70/65 745/70/65 746/72/65
f 86/71/66 85/73/66 783/73/66 784/71/66
f 49/74/67 48/72/67 746/72/67 747/74/67
f 50/75/68 49/74/68 747/74/68 748/75/68
f 85/73/69 84/76/69 782/76/69 783/73/69
f 51/77/70 50/75/70 748/75/70 749/77/70
f 52/78/71 51/77/71 749/77/71 750/78/71
f 84/76/72 83/79/72 781/79/72 782/76/72
f 53/80/73 52/78/73 750/78/73 751/80/73
f 83/79/74 82/81/74 780/81/74 781/79/74
f 54/82/75 53/80/75 751/80/75 752/82/75
f 55/55/76 54/82/76 752/82/76 753/55/76
f 82/81/77 81/57/77 779/57/77 780/81/77
f 81/57/78 80/83/78 778/83/78 779/57/78
f 57/84/79 56/56/79 754/56/79 755/84/79
f 80/83/80 79/85/80 777/85/80 778/83/80
f 58/86/81 57/84/81 755/84/81 756/86/81
f 79/85/82 78/87/82 776/87/82 777/85/82
f 59/88/83 58/86/83 756/86/83 757/88/83
f 78/87/84 77/89/84 775/89/84 776/87/84
f 60/90/85 59/88/85 757/88/85 758/90/85
f 77/89/86 76/91/86 774/91/86 775/89/86
f 61/92/87 60/90/87 758/90/87 759/92/87
f 76/91/88 75/93/88 773/93/88 774/91/88
f 62/94/89 61/92/89 759/92/89 760/94/89
f 75/93/90 74/25/90 772/25/90 773/93/90
f 63/26/91 62/94/91 760/94/91 761/26/91
f 148/96/5 147/95/5 845/95/5 846/96/5
f 152/99/92 151/98/92 849/98/92 850/99/92
f 138/101/93 137/100/93 835/100/93 836/101/93
f 139/102/94 138/101/94 836/101/94 837/102/94
f 151/98/95 150/103/95 848/103/95 849/98/95
f 140/104/96 139/102/96 837/102/96 838/104/96
f 141/105/97 140/104/97 838/104/97 839/105/97
f 150/103/98 149/106/98 847/106/98 848/103/98
f 142/107/99 141/105/99 839/105/99 840/107/99
f 143/108/100 142/107/100 840/107/100 841/108/100
f 149/106/101 148/96/101 846/96/101 847/106/101
f 144/109/102 143/108/102 841/108/102 842/109/102
f 145/97/103 144/109/103 842/109/103 843/97/103
f 147/95/8 146/110/8 844/110/8 845/95/8
f 146/110/4 145/97/4 843/97/4 844/110/4
f 126/111/104 125/113/104 823/113/104 824/111/104
f 160/114/105 159/116/105 857/116/105 858/114/105
f 123/117/106 122/115/106 820/115/106 821/117/106
f 124/118/107 123/117/107 821/117/107 822/118/107
f 159/116/108 158/112/108 856/112/108 857/116/108
f 125/113/109 124/118/109 822/118/109 823/113/109
f 158/112/110 157/119/110 855/119/110 856/112/110
f 127/120/111 126/111/111 824/111/111 825/120/111
f 128/121/112 127/120/112 825/120/112 826/121/112
f 157/119/113 156/122/113 854/122/113 855/119/113
f 129/123/114 128/121/114 826/121/114 827/123/114
f 156/122/115 155/124/115 853/124/115 854/122/115
f 130/125/116 129/123/116 827/123/116 828/125/116
f 131/126/117 130/125/117 828/125/117 829/126/117
f 155/124/118 154/127/118 852/127/118 853/124/118
f 132/128/119 131/126/119 829/126/119 830/128/119
f 133/129/120 132/128/120 830/128/120 831/129/120
f 154/127/121 153/130/121 851/130/121 852/127/121
f 134/131/122 133/129/122 831/129/122 832/131/122
f 135/132/123 134/131/123 832/131/123 833/132/123
f 153/130/124 152/99/124 850/99/124 851/130/124
f 136/133/125 135/132/125 833/132/125 834/133/125
f 137/100/126 136/133/126 834/133/126 835/100/126
f 120/136/127 119/135/127 817/135/127 818/136/127
f 118/138/128 117/137/128 815/137/128 816/138/128
f 117/137/129 116/140/129 814/140/129 815/137/129
f 162/139/130 161/134/130 859/134/130 860/139/130
f 119/135/131 118/138/131 816/138/131 817/135/131
f 164/143/132 163/142/132 861/142/132 862/143/132
f 114/141/133 113/144/133 811/144/133 812/141/133
f 113/144/134 112/145/134 810/145/134 811/144/134
f 163/142/135 162/139/135 860/139/135 861/142/135
f 116/140/136 115/146/136 813/146/136 814/140/136
f 115/146/137 114/141/137 812/141/137 813/146/137
f 95/5/4 172/4/4 870/4/4 793/5/4
f 96/148/8 95/5/8 793/5/8 794/148/8
f 97/147/5 96/148/5 794/148/5 795/147/5
f 106/150/138 105/149/138 803/149/138 804/150/138
f 169/152/139 168/151/139 866/151/139 867/152/139
f 105/149/140 104/153/140 802/153/140 803/149/140
f 104/153/141 103/154/141 801/154/141 802/153/141
f 170/155/142 169/152/142 867/152/142 868/155/142
f 103/154/143 102/156/143 800/156/143 801/154/143
f 102/156/144 101/157/144 799/157/144 800/156/144
f 171/158/145 170/155/145 868/155/145 869/158/145
f 101/157/146 100/159/146 798/159/146 799/157/146
f 100/159/147 99/160/147 797/160/147 798/159/147
f 172/4/148 171/158/148 869/158/148 870/4/148
f 99/160/149 98/161/149 796/161/149 797/160/149
f 98/161/150 97/147/150 795/147/150 796/161/150
f 165/162/151 164/143/151 862/143/151 863/162/151
f 112/145/152 111/163/152 809/163/152 810/145/152
f 111/163/153 110/164/153 808/164/153 809/163/153
f 166/165/154 165/162/154 863/162/154 864/165/154
f 110/164/155 109/166/155 807/166/155 808/164/155
f 109/166/156 108/167/156 806/167/156 807/166/156
f 167/168/157 166/165/157 864/165/157 865/168/157
f 108/167/158 107/169/158 805/169/158 806/167/158
f 168/151/159 167/168/159 865/168/159 866/151/159
f 107/169/160 106/150/160 804/150/160 805/169/160
f 161/134/161 160/114/161 858/114/161 859/134/161
f 121/170/162 120/136/162 818/136/162 819/170/162
f 122/115/163 121/170/163 819/170/163 820/115/163
f 178/172/164 177/171/164 875/171/164 876/172/164
f 266/174/165 265/173/165 963/173/165 964/174/165
f 177/171/166 176/175/166 874/175/166 875/171/166
f 267/176/167 266/174/167 964/174/167 965/176/167
f 176/175/168 175/177/168 873/177/168 874/175/168
f 268/4/169 267/176/169 965/176/169 966/4/169
f 175/177/170 174/178/170 872/178/170 873/177/170
f 221/179/171 268/4/171 966/4/171 919/179/171
f 174/178/172 173/5/172 871/5/172 872/178/172
f 173/5/173 220/180/173 918/180/173 871/5/173
f 222/181/174 221/179/174 919/179/174 920/181/174
f 220/180/175 219/182/175 917/182/175 918/180/175
f 223/183/176 222/181/176 920/181/176 921/183/176
f 219/182/177 218/184/177 916/184/177 917/182/177
f 224/185/178 223/183/178 921/183/178 922/185/178
f 218/184/179 217/186/179 915/186/179 916/184/179
f 225/187/180 224/185/180 922/185/180 923/187/180
f 217/186/181 216/188/181 914/188/181 915/186/181
f 182/189/182 181/191/182 879/191/182 880/189/182
f 262/192/183 261/190/183 959/190/183 960/192/183
f 229/194/184 228/193/184 926/193/184 927/194/184
f 213/195/185 212/196/185 910/196/185 911/195/185
f 260/197/186 259/199/186 957/199/186 958/197/186
f 231/200/187 230/202/187 928/202/187 929/200/187
f 185/205/188 184/204/188 882/204/188 883/205/188
f 258/203/189 257/206/189 955/206/189 956/203/189
f 184/204/190 183/198/190 881/198/190 882/204/190
f 259/199/191 258/203/191 956/203/191 957/199/191
f 232/207/192 231/200/192 929/200/192 930/207/192
f 211/201/193 210/208/193 908/208/193 909/201/193
f 183/198/194 182/189/194 880/189/194 881/198/194
f 261/190/195 260/197/195 958/197/195 959/190/195
f 230/202/196 229/194/196 927/194/196 928/202/196
f 212/196/197 211/201/197 909/201/197 910/196/197
f 181/191/198 180/209/198 878/209/198 879/191/198
f 263/210/199 262/192/199 960/192/199 961/210/199
f 180/209/200 179/211/200 877/211/200 878/209/200
f 264/212/201 263/210/201 961/210/201 962/212/201
f 179/211/202 178/172/202 876/172/202 877/211/202
f 265/173/203 264/212/203 962/212/203 963/173/203
f 226/213/204 225/187/204 923/187/204 924/213/204
f 216/188/205 215/214/205 913/214/205 914/188/205
f 227/215/206 226/213/206 924/213/206 925/215/206
f 215/214/207 214/216/207 912/216/207 913/214/207
f 228/193/208 227/215/208 925/215/208 926/193/208
f 214/216/209 213/195/209 911/195/209 912/216/209
f 234/219/210 233/218/210 931/218/210 932/219/210
f 209/217/211 208/220/211 906/220/211 907/217/211
f 255/223/212 254/222/212 952/222/212 953/223/212
f 236/226/213 235/225/213 933/225/213 934/226/213
f 187/221/214 186/227/214 884/227/214 885/221/214
f 256/228/215 255/223/215 953/223/215 954/228/215
f 235/225/216 234/219/216 932/219/216 933/225/216
f 208/220/217 207/224/217 905/224/217 906/220/217
f 189/231/218 188/230/218 886/230/218 887/231/218
f 253/229/219 252/232/219 950/232/219 951/229/219
f 238/234/220 237/233/220 935/233/220 936/234/220
f 206/236/221 205/235/221 903/235/221 904/236/221
f 188/230/222 187/221/222 885/221/222 886/230/222
f 254/222/223 253/229/223 951/229/223 952/222/223
f 237/233/224 236/226/224 934/226/224 935/233/224
f 207/224/225 206/236/225 904/236/225 905/224/225
f 193/238/226 192/237/226 890/237/226 891/238/226
f 249/239/227 248/240/227 946/240/227 947/239/227
f 194/241/228 193/238/228 891/238/228 892/241/228
f 248/240/229 247/242/229 945/242/229 946/240/229
f 195/243/230 194/241/230 892/241/230 893/243/230
f 247/242/231 246/244/231 944/244/231 945/242/231
f 196/245/232 195/243/232 893/243/232 894/245/232
f 246/244/233 245/246/233 943/246/233 944/244/233
f 197/247/234 196/245/234 894/245/234 895/247/234
f 198/248/235 197/247/235 895/247/235 896/248/235
f 245/246/236 244/249/236 942/249/236 943/246/236
f 199/250/237 198/248/237 896/248/237 897/250/237
f 244/249/238 243/251/238 941/251/238 942/249/238
f 200/252/239 199/250/239 897/250/239 898/252/239
f 243/251/240 242/253/240 940/253/240 941/251/240
f 201/254/241 200/252/241 898/252/241 899/254/241
f 242/253/242 241/255/242 939/255/242 940/253/242
f 202/256/243 201/254/243 899/254/243 900/256/243
f 190/257/244 189/231/244 887/231/244 888/257/244
f 252/232/245 251/258/245 949/258/245 950/232/245
f 191/259/246 190/257/246 888/257/246 889/259/246
f 251/258/247 250/260/247 948/260/247 949/258/247
f 192/237/248 191/259/248 889/259/248 890/237/248
f 250/260/249 249/239/249 947/239/249 948/260/249
f 241/255/250 240/261/250 938/261/250 939/255/250
f 203/262/251 202/256/251 900/256/251 901/262/251
f 240/261/252 239/263/252 937/263/252 938/261/252
f 204/264/253 203/262/253 901/262/253 902/264/253
f 239/263/254 238/234/254 936/234/254 937/263/254
f 205/235/255 204/264/255 902/264/255 903/235/255
f 186/227/256 185/205/256 883/205/256 884/227/256
f 257/206/257 256/228/257 954/228/257 955/206/257
f 233/218/258 232/207/258 930/207/258 931/218/258
f 210/208/259 209/217/259 907/217/259 908/208/259
f 271/137/5 270/150/5 968/150/5 969/137/5
f 272/121/3 271/137/3 969/137/3 970/121/3
f 276/4/3 275/134/3 973/134/3 974/4/3
f 269/5/4 276/4/4 974/4/4 967/5/4
f 273/102/5 272/121/5 970/121/5 971/102/5
f 274/103/3 273/102/3 971/102/3 972/103/3
f 275/134/4 274/103/4 972/103/4 973/134/4
f 270/150/8 269/5/8 967/5/8 968/150/8
f 335/266/260 334/265/260 1032/265/260 1033/266/260
f 336/268/261 335/266/261 1033/266/261 1034/268/261
f 337/269/262 336/268/262 1034/268/262 1035/269/262
f 338/267/5 337/269/5 1035/269/5 1036/267/5
f 342/271/263 341/270/263 1039/270/263 1040/271/263
f 341/270/264 340/273/264 1038/273/264 1039/270/264
f 332/125/265 331/272/265 1029/272/265 1030/125/265
f 340/273/266 339/274/266 1037/274/266 1038/273/266
f 333/275/267 332/125/267 1030/125/267 1031/275/267
f 339/274/268 338/267/268 1036/267/268 1037/274/268
f 334/265/119 333/275/119 1031/275/119 1032/265/119
f 303/277/269 302/276/269 1000/276/269 1001/277/269
f 302/276/270 301/279/270 999/279/270 1000/276/270
f 374/280/271 373/278/271 1071/278/271 1072/280/271
f 301/279/272 300/281/272 998/281/272 999/279/272
f 375/282/273 374/280/273 1072/280/273 1073/282/273
f 300/281/274 299/166/274 997/166/274 998/281/274
f 376/112/275 375/282/275 1073/282/275 1074/112/275
f 299/166/276 298/283/276 996/283/276 997/166/276
f 346/284/277 345/286/277 1043/286/277 1044/284/277
f 348/287/278 347/289/278 1045/289/278 1046/287/278
f 327/290/279 326/288/279 1024/288/279 1025/290/279
f 350/291/280 349/293/280 1047/293/280 1048/291/280
f 385/296/281 384/295/281 1082/295/281 1083/296/281
f 349/293/282 348/287/282 1046/287/282 1047/293/282
f 326/288/283 325/292/283 1023/292/283 1024/288/283
f 384/295/284 383/298/284 1081/298/284 1082/295/284
f 291/297/285 290/294/285 988/294/285 989/297/285
f 347/289/286 346/284/286 1044/284/286 1045/289/286
f 328/285/287 327/290/287 1025/290/287 1026/285/287
f 307/299/288 306/301/288 1004/301/288 1005/299/288
f 371/302/289 370/300/289 1068/300/289 1069/302/289
f 382/305/290 381/304/290 1079/304/290 1080/305/290
f 293/303/291 292/306/291 990/306/291 991/303/291
f 383/298/292 382/305/292 1080/305/292 1081/298/292
f 292/306/293 291/297/293 989/297/293 990/306/293
f 345/286/294 344/307/294 1042/307/294 1043/286/294
f 329/308/295 328/285/295 1026/285/295 1027/308/295
f 344/307/296 343/100/296 1041/100/296 1042/307/296
f 330/309/297 329/308/297 1027/308/297 1028/309/297
f 343/100/298 342/271/298 1040/271/298 1041/100/298
f 331/272/299 330/309/299 1028/309/299 1029/272/299
f 306/301/300 305/310/300 1003/310/300 1004/301/300
f 305/310/301 304/311/301 1002/311/301 1003/310/301
f 372/312/302 371/302/302 1069/302/302 1070/312/302
f 304/311/303 303/277/303 1001/277/303 1002/311/303
f 373/278/304 372/312/304 1070/312/304 1071/278/304
f 377/313/305 376/112/305 1074/112/305 1075/313/305
f 298/283/306 297/314/306 995/314/306 996/283/306
f 378/315/307 377/313/307 1075/313/307 1076/315/307
f 297/314/308 296/316/308 994/316/308 995/314/308
f 379/317/309 378/315/309 1076/315/309 1077/317/309
f 296/316/310 295/318/310 993/318/310 994/316/310
f 380/319/311 379/317/311 1077/317/311 1078/319/311
f 295/318/312 294/320/312 992/320/312 993/318/312
f 381/304/313 380/319/313 1078/319/313 1079/304/313
f 294/320/314 293/303/314 991/303/314 992/320/314
f 387/162/315 386/322/315 1084/322/315 1085/162/315
f 288/156/316 287/324/316 985/324/316 986/156/316
f 389/325/317 388/323/317 1086/323/317 1087/325/317
f 287/324/318 286/326/318 984/326/318 985/324/318
f 324/328/319 323/327/319 1021/327/319 1022/328/319
f 388/323/320 387/162/320 1085/162/320 1086/323/320
f 289/321/321 288/156/321 986/156/321 987/321/321
f 285/330/322 284/332/322 982/332/322 983/330/322
f 352/333/323 351/329/323 1049/329/323 1050/333/323
f 323/327/324 322/334/324 1020/334/324 1021/327/324
f 353/335/325 352/333/325 1050/333/325 1051/335/325
f 322/334/326 321/117/326 1019/117/326 1020/334/326
f 368/336/327 367/338/327 1065/338/327 1066/336/327
f 390/331/328 389/325/328 1087/325/328 1088/331/328
f 286/326/329 285/330/329 983/330/329 984/326/329
f 398/4/330 397/339/330 1095/339/330 1096/4/330
f 277/5/4 398/4/4 1096/4/4 975/5/4
f 397/339/331 396/340/331 1094/340/331 1095/339/331
f 359/342/332 358/341/332 1056/341/332 1057/342/332
f 316/343/333 315/344/333 1013/344/333 1014/343/333
f 360/345/334 359/342/334 1057/342/334 1058/345/334
f 315/344/335 314/346/335 1012/346/335 1013/344/335
f 361/347/336 360/345/336 1058/345/336 1059/347/336
f 314/346/337 313/348/337 1011/348/337 1012/346/337
f 362/349/338 361/347/338 1059/347/338 1060/349/338
f 313/348/339 312/350/339 1010/350/339 1011/348/339
f 363/351/340 362/349/340 1060/349/340 1061/351/340
f 364/352/341 363/351/341 1061/351/341 1062/352/341
f 396/340/342 395/353/342 1093/353/342 1094/340/342
f 395/353/343 394/354/343 1092/354/343 1093/353/343
f 278/355/344 277/5/344 975/5/344 976/355/344
f 279/356/345 278/355/345 976/355/345 977/356/345
f 394/354/346 393/357/346 1091/357/346 1092/354/346
f 280/358/347 279/356/347 977/356/347 978/358/347
f 354/109/348 353/335/348 1051/335/348 1052/109/348
f 321/117/349 320/359/349 1018/359/349 1019/117/349
f 355/360/350 354/109/350 1052/109/350 1053/360/350
f 320/359/351 319/361/351 1017/361/351 1018/359/351
f 356/362/352 355/360/352 1053/360/352 1054/362/352
f 319/361/353 318/363/353 1016/363/353 1017/361/353
f 357/364/354 356/362/354 1054/362/354 1055/364/354
f 318/363/355 317/365/355 1015/365/355 1016/363/355
f 358/341/356 357/364/356 1055/364/356 1056/341/356
f 317/365/357 316/343/357 1014/343/357 1015/365/357
f 312/350/358 311/366/358 1009/366/358 1010/350/358
f 365/98/359 364/352/359 1062/352/359 1063/98/359
f 311/366/360 310/140/360 1008/140/360 1009/366/360
f 366/367/361 365/98/361 1063/98/361 1064/367/361
f 310/140/362 309/337/362 1007/337/362 1008/140/362
f 367/338/363 366/367/363 1064/367/363 1065/338/363
f 393/357/364 392/368/364 1090/368/364 1091/357/364
f 281/369/365 280/358/365 978/358/365 979/369/365
f 282/370/366 281/369/366 979/369/366 980/370/366
f 392/368/367 391/371/367 1089/371/367 1090/368/367
f 283/372/368 282/370/368 980/370/368 981/372/368
f 391/371/369 390/331/369 1088/331/369 1089/371/369
f 284/332/370 283/372/370 981/372/370 982/332/370
f 351/329/371 350/291/371 1048/291/371 1049/329/371
f 325/292/372 324/328/372 1022/328/372 1023/292/372
f 309/337/373 308/373/373 1006/373/373 1007/337/373
f 369/374/374 368/336/374 1066/336/374 1067/374/374
f 308/373/375 307/299/375 1005/299/375 1006/373/375
f 370/300/376 369/374/376 1067/374/376 1068/300/376
f 386/322/377 385/296/377 1083/296/377 1084/322/377
f 290/294/378 289/321/378 987/321/378 988/294/378
f 399/5/379 404/4/379 1102/4/379 1097/5/379
f 400/237/3 399/5/3 1097/5/3 1098/237/3
f 401/201/380 400/237/380 1098/237/380 1099/201/380
f 404/4/5 403/239/5 1101/239/5 1102/4/5
f 402/202/4 401/201/4 1099/201/4 1100/202/4
f 403/239/8 402/202/8 1100/202/8 1101/239/8
f 407/1/3 406/3/3 1104/3/3 1105/1/3
f 408/2/4 407/1/4 1105/1/4 1106/2/4
f 406/3/5 405/5/5 1103/5/5 1104/3/5
f 411/6/6 410/8/6 1108/8/6 1109/6/6
f 410/8/7 409/9/7 1107/9/7 1108/8/7
f 409/9/3 408/2/3 1106/2/3 1107/9/3
f 498/4/8 497/7/8 1195/7/8 1196/4/8
f 472/10/4 498/4/4 1196/4/4 1170/10/4
f 413/11/9 412/13/9 1110/13/9 1111/11/9
f 414/14/10 413/11/10 1111/11/10 1112/14/10
f 496/12/11 495/15/11 1193/15/11 1194/12/11
f 475/16/12 474/18/12 1172/18/12 1173/16/12
f 471/19/13 470/17/13 1168/17/13 1169/19/13
f 412/13/14 411/6/14 1109/6/14 1110/13/14
f 497/7/15 496/12/15 1194/12/15 1195/7/15
f 474/18/16 473/20/16 1171/20/16 1172/18/16
f 473/20/3 472/10/3 1170/10/3 1171/20/3
f 405/5/8 471/19/8 1169/19/8 1103/5/8
f 493/22/17 492/21/17 1190/21/17 1191/22/17
f 478/25/18 477/24/18 1175/24/18 1176/25/18
f 468/27/19 467/26/19 1165/26/19 1166/27/19
f 416/28/20 415/29/20 1113/29/20 1114/28/20
f 415/29/21 414/14/21 1112/14/21 1113/29/21
f 495/15/22 494/30/22 1192/30/22 1193/15/22
f 494/30/23 493/22/23 1191/22/23 1192/30/23
f 477/24/381 476/31/381 1174/31/381 1175/24/381
f 469/32/25 468/27/25 1166/27/25 1167/32/25
f 476/31/26 475/16/26 1173/16/26 1174/31/26
f 470/17/27 469/32/27 1167/32/27 1168/17/27
f 441/34/28 440/33/28 1138/33/28 1139/34/28
f 423/36/3 422/38/3 1120/38/3 1121/36/3
f 424/37/29 423/36/29 1121/36/29 1122/37/29
f 425/39/30 424/37/30 1122/37/30 1123/39/30
f 426/40/31 425/39/31 1123/39/31 1124/40/31
f 427/41/32 426/40/32 1124/40/32 1125/41/32
f 428/42/33 427/41/33 1125/41/33 1126/42/33
f 429/43/382 428/42/382 1126/42/382 1127/43/382
f 430/44/35 429/43/35 1127/43/35 1128/44/35
f 431/45/36 430/44/36 1128/44/36 1129/45/36
f 432/46/383 431/45/383 1129/45/383 1130/46/383
f 433/47/38 432/46/38 1130/46/38 1131/47/38
f 434/48/39 433/47/39 1131/47/39 1132/48/39
f 422/38/40 421/49/40 1119/49/40 1120/38/40
f 435/50/384 434/48/384 1132/48/384 1133/50/384
f 436/51/42 435/50/42 1133/50/42 1134/51/42
f 437/52/43 436/51/43 1134/51/43 1135/52/43
f 438/53/44 437/52/44 1135/52/44 1136/53/44
f 439/54/385 438/53/385 1136/53/385 1137/54/385
f 421/49/46 420/35/46 1118/35/46 1119/49/46
f 440/33/47 439/54/47 1137/54/47 1138/33/47
f 460/56/48 459/55/48 1157/55/48 1158/56/48
f 420/35/49 419/58/49 1117/58/49 1118/35/49
f 442/59/50 441/34/50 1139/34/50 1140/59/50
f 443/60/51 442/59/51 1140/59/51 1141/60/51
f 419/58/52 418/61/52 1116/61/52 1117/58/52
f 444/62/53 443/60/53 1141/60/53 1142/62/53
f 445/63/386 444/62/386 1142/62/386 1143/63/386
f 418/61/55 417/64/55 1115/64/55 1116/61/55
f 446/65/56 445/63/56 1143/63/56 1144/65/56
f 417/64/57 416/28/57 1114/28/57 1115/64/57
f 447/23/387 446/65/387 1144/65/387 1145/23/387
f 448/66/59 447/23/59 1145/23/59 1146/66/59
f 449/67/60 448/66/60 1146/66/60 1147/67/60
f 492/21/61 491/68/61 1189/68/61 1190/21/61
f 450/69/62 449/67/62 1147/67/62 1148/69/62
f 451/70/63 450/69/63 1148/69/63 1149/70/63
f 491/68/64 490/71/64 1188/71/64 1189/68/64
f 452/72/65 451/70/65 1149/70/65 1150/72/65
f 490/71/66 489/73/66 1187/73/66 1188/71/66
f 453/74/67 452/72/67 1150/72/67 1151/74/67
f 454/75/68 453/74/68 1151/74/68 1152/75/68
f 489/73/69 488/76/69 1186/76/69 1187/73/69
f 455/77/70 454/75/70 1152/75/70 1153/77/70
f 456/78/71 455/77/71 1153/77/71 1154/78/71
f 488/76/72 487/79/72 1185/79/72 1186/76/72
f 457/80/73 456/78/73 1154/78/73 1155/80/73
f 487/79/388 486/81/388 1184/81/388 1185/79/388
f 458/82/75 457/80/75 1155/80/75 1156/82/75
f 459/55/76 458/82/76 1156/82/76 1157/55/76
f 486/81/77 485/57/77 1183/57/77 1184/81/77
f 485/57/78 484/83/78 1182/83/78 1183/57/78
f 461/84/79 460/56/79 1158/56/79 1159/84/79
f 484/83/80 483/85/80 1181/85/80 1182/83/80
f 462/86/81 461/84/81 1159/84/81 1160/86/81
f 483/85/82 482/87/82 1180/87/82 1181/85/82
f 463/88/83 462/86/83 1160/86/83 1161/88/83
f 482/87/84 481/89/84 1179/89/84 1180/87/84
f 464/90/85 463/88/85 1161/88/85 1162/90/85
f 481/89/86 480/91/86 1178/91/86 1179/89/86
f 465/92/87 464/90/87 1162/90/87 1163/92/87
f 480/91/88 479/93/88 1177/93/88 1178/91/88
f 466/94/89 465/92/89 1163/92/89 1164/94/89
f 479/93/90 478/25/90 1176/25/90 1177/93/90
f 467/26/91 466/94/91 1164/94/91 1165/26/91
f 504/172/164 503/171/164 1201/171/164 1202/172/164
f 592/174/165 591/173/165 1289/173/165 1290/174/165
f 503/171/166 502/175/166 1200/175/166 1201/171/166
f 593/176/167 592/174/167 1290/174/167 1291/176/167
f 502/175/168 501/177/168 1199/177/168 1200/175/168
f 594/4/169 593/176/169 1291/176/169 1292/4/169
f 501/177/170 500/178/170 1198/178/170 1199/177/170
f 547/179/171 594/4/171 1292/4/171 1245/179/171
f 500/178/172 499/5/172 1197/5/172 1198/178/172
f 499/5/389 546/180/389 1244/180/389 1197/5/389
f 548/181/174 547/179/174 1245/179/174 1246/181/174
f 546/180/175 545/182/175 1243/182/175 1244/180/175
f 549/183/176 548/181/176 1246/181/176 1247/183/176
f 545/182/177 544/184/177 1242/184/177 1243/182/177
f 550/185/178 549/183/178 1247/183/178 1248/185/178
f 544/184/179 543/186/179 1241/186/179 1242/184/179
f 551/187/180 550/185/180 1248/185/180 1249/187/180
f 543/186/181 542/188/181 1240/188/181 1241/186/181
f 508/189/182 507/191/182 1205/191/182 1206/189/182
f 588/192/183 587/190/183 1285/190/183 1286/192/183
f 555/194/184 554/193/184 1252/193/184 1253/194/184
f 539/195/185 538/196/185 1236/196/185 1237/195/185
f 586/197/186 585/199/186 1283/199/186 1284/197/186
f 557/200/187 556/202/187 1254/202/187 1255/200/187
f 511/205/188 510/204/188 1208/204/188 1209/205/188
f 584/203/189 583/206/189 1281/206/189 1282/203/189
f 510/204/190 509/198/190 1207/198/190 1208/204/190
f 585/199/191 584/203/191 1282/203/191 1283/199/191
f 558/207/192 557/200/192 1255/200/192 1256/207/192
f 537/201/193 536/208/193 1234/208/193 1235/201/193
f 509/198/194 508/189/194 1206/189/194 1207/198/194
f 587/190/195 586/197/195 1284/197/195 1285/190/195
f 556/202/196 555/194/196 1253/194/196 1254/202/196
f 538/196/197 537/201/197 1235/201/197 1236/196/197
f 507/191/198 506/209/198 1204/209/198 1205/191/198
f 589/210/199 588/192/199 1286/192/199 1287/210/199
f 506/209/200 505/211/200 1203/211/200 1204/209/200
f 590/212/201 589/210/201 1287/210/201 1288/212/201
f 505/211/202 504/172/202 1202/172/202 1203/211/202
f 591/173/203 590/212/203 1288/212/203 1289/173/203
f 552/213/204 551/187/204 1249/187/204 1250/213/204
f 542/188/205 541/214/205 1239/214/205 1240/188/205
f 553/215/206 552/213/206 1250/213/206 1251/215/206
f 541/214/207 540/216/207 1238/216/207 1239/214/207
f 554/193/208 553/215/208 1251/215/208 1252/193/208
f 540/216/209 539/195/209 1237/195/209 1238/216/209
f 560/219/210 559/218/210 1257/218/210 1258/219/210
f 535/217/211 534/220/211 1232/220/211 1233/217/211
f 581/223/212 580/222/212 1278/222/212 1279/223/212
f 562/226/213 561/225/213 1259/225/213 1260/226/213
f 513/221/214 512/227/214 1210/227/214 1211/221/214
f 582/228/215 581/223/215 1279/223/215 1280/228/215
f 561/225/216 560/219/216 1258/219/216 1259/225/216
f 534/220/217 533/224/217 1231/224/217 1232/220/217
f 515/231/218 514/230/218 1212/230/218 1213/231/218
f 579/229/219 578/232/219 1276/232/219 1277/229/219
f 564/234/220 563/233/220 1261/233/220 1262/234/220
f 532/236/221 531/235/221 1229/235/221 1230/236/221
f 514/230/222 513/221/222 1211/221/222 1212/230/222
f 580/222/223 579/229/223 1277/229/223 1278/222/223
f 563/233/224 562/226/224 1260/226/224 1261/233/224
f 533/224/225 532/236/225 1230/236/225 1231/224/225
f 519/238/226 518/237/226 1216/237/226 1217/238/226
f 575/239/227 574/240/227 1272/240/227 1273/239/227
f 520/241/228 519/238/228 1217/238/228 1218/241/228
f 574/240/229 573/242/229 1271/242/229 1272/240/229
f 521/243/230 520/241/230 1218/241/230 1219/243/230
f 573/242/231 572/244/231 1270/244/231 1271/242/231
f 522/245/232 521/243/232 1219/243/232 1220/245/232
f 572/244/233 571/246/233 1269/246/233 1270/244/233
f 523/247/234 522/245/234 1220/245/234 1221/247/234
f 524/248/235 523/247/235 1221/247/235 1222/248/235
f 571/246/236 570/249/236 1268/249/236 1269/246/236
f 525/250/237 524/248/237 1222/248/237 1223/250/237
f 570/249/238 569/251/238 1267/251/238 1268/249/238
f 526/252/239 525/250/239 1223/250/239 1224/252/239
f 569/251/240 568/253/240 1266/253/240 1267/251/240
f 527/254/241 526/252/241 1224/252/241 1225/254/241
f 568/253/242 567/255/242 1265/255/242 1266/253/242
f 528/256/243 527/254/243 1225/254/243 1226/256/243
f 516/257/244 515/231/244 1213/231/244 1214/257/244
f 578/232/245 577/258/245 1275/258/245 1276/232/245
f 517/259/246 516/257/246 1214/257/246 1215/259/246
f 577/258/247 576/260/247 1274/260/247 1275/258/247
f 518/237/248 517/259/248 1215/259/248 1216/237/248
f 576/260/249 575/239/249 1273/239/249 1274/260/249
f 567/255/250 566/261/250 1264/261/250 1265/255/250
f 529/262/251 528/256/251 1226/256/251 1227/262/251
f 566/261/252 565/263/252 1263/263/252 1264/261/252
f 530/264/253 529/262/253 1227/262/253 1228/264/253
f 565/263/254 564/234/254 1262/234/254 1263/263/254
f 531/235/255 530/264/255 1228/264/255 1229/235/255
f 512/227/256 511/205/256 1209/205/256 1210/227/256
f 583/206/257 582/228/257 1280/228/257 1281/206/257
f 559/218/258 558/207/258 1256/207/258 1257/218/258
f 536/208/259 535/217/259 1233/217/259 1234/208/259
f 600/172/164 599/171/164 1297/171/164 1298/172/164
f 688/174/165 687/173/165 1385/173/165 1386/174/165
f 599/171/166 598/175/166 1296/175/166 1297/171/166
f 689/176/167 688/174/167 1386/174/167 1387/176/167
f 598/175/168 597/177/168 1295/177/168 1296/175/168
f 690/4/169 689/176/169 1387/176/169 1388/4/169
f 597/177/170 596/178/170 1294/178/170 1295/177/170
f 643/179/171 690/4/171 1388/4/171 1341/179/171
f 596/178/172 595/5/172 1293/5/172 1294/178/172
f 595/5/173 642/180/173 1340/180/173 1293/5/173
f 644/181/174 643/179/174 1341/179/174 1342/181/174
f 642/180/175 641/182/175 1339/182/175 1340/180/175
f 645/183/176 644/181/176 1342/181/176 1343/183/176
f 641/182/177 640/184/177 1338/184/177 1339/182/177
f 646/185/178 645/183/178 1343/183/178 1344/185/178
f 640/184/179 639/186/179 1337/186/179 1338/184/179
f 647/187/180 646/185/180 1344/185/180 1345/187/180
f 639/186/181 638/188/181 1336/188/181 1337/186/181
f 604/189/182 603/191/182 1301/191/182 1302/189/182
f 684/192/183 683/190/183 1381/190/183 1382/192/183
f 651/194/184 650/193/184 1348/193/184 1349/194/184
f 635/195/185 634/196/185 1332/196/185 1333/195/185
f 682/197/186 681/199/186 1379/199/186 1380/197/186
f 653/200/187 652/202/187 1350/202/187 1351/200/187
f 607/205/188 606/204/188 1304/204/188 1305/205/188
f 680/203/189 679/206/189 1377/206/189 1378/203/189
f 606/204/190 605/198/190 1303/198/190 1304/204/190
f 681/199/191 680/203/191 1378/203/191 1379/199/191
f 654/207/192 653/200/192 1351/200/192 1352/207/192
f 633/201/193 632/208/193 1330/208/193 1331/201/193
f 605/198/194 604/189/194 1302/189/194 1303/198/194
f 683/190/195 682/197/195 1380/197/195 1381/190/195
f 652/202/196 651/194/196 1349/194/196 1350/202/196
f 634/196/197 633/201/197 1331/201/197 1332/196/197
f 603/191/390 602/209/390 1300/209/390 1301/191/390
f 685/210/199 684/192/199 1382/192/199 1383/210/199
f 602/209/200 601/211/200 1299/211/200 1300/209/200
f 686/212/201 685/210/201 1383/210/201 1384/212/201
f 601/211/202 600/172/202 1298/172/202 1299/211/202
f 687/173/203 686/212/203 1384/212/203 1385/173/203
f 648/213/204 647/187/204 1345/187/204 1346/213/204
f 638/188/205 637/214/205 1335/214/205 1336/188/205
f 649/215/206 648/213/206 1346/213/206 1347/215/206
f 637/214/207 636/216/207 1334/216/207 1335/214/207
f 650/193/391 649/215/391 1347/215/391 1348/193/391
f 636/216/209 635/195/209 1333/195/209 1334/216/209
f 656/219/210 655/218/210 1353/218/210 1354/219/210
f 631/217/211 630/220/211 1328/220/211 1329/217/211
f 677/223/212 676/222/212 1374/222/212 1375/223/212
f 658/226/213 657/225/213 1355/225/213 1356/226/213
f 609/221/214 608/227/214 1306/227/214 1307/221/214
f 678/228/215 677/223/215 1375/223/215 1376/228/215
f 657/225/216 656/219/216 1354/219/216 1355/225/216
f 630/220/217 629/224/217 1327/224/217 1328/220/217
f 611/231/218 610/230/218 1308/230/218 1309/231/218
f 675/229/219 674/232/219 1372/232/219 1373/229/219
f 660/234/220 659/233/220 1357/233/220 1358/234/220
f 628/236/221 627/235/221 1325/235/221 1326/236/221
f 610/230/222 609/221/222 1307/221/222 1308/230/222
f 676/222/223 675/229/223 1373/229/223 1374/222/223
f 659/233/224 658/226/224 1356/226/224 1357/233/224
f 629/224/225 628/236/225 1326/236/225 1327/224/225
f 615/238/226 614/237/226 1312/237/226 1313/238/226
f 671/239/227 670/240/227 1368/240/227 1369/239/227
f 616/241/228 615/238/228 1313/238/228 1314/241/228
f 670/240/229 669/242/229 1367/242/229 1368/240/229
f 617/243/230 616/241/230 1314/241/230 1315/243/230
f 669/242/231 668/244/231 1366/244/231 1367/242/231
f 618/245/232 617/243/232 1315/243/232 1316/245/232
f 668/244/233 667/246/233 1365/246/233 1366/244/233
f 619/247/234 618/245/234 1316/245/234 1317/247/234
f 620/248/235 619/247/235 1317/247/235 1318/248/235
f 667/246/236 666/249/236 1364/249/236 1365/246/236
f 621/250/237 620/248/237 1318/248/237 1319/250/237
f 666/249/238 665/251/238 1363/251/238 1364/249/238
f 622/252/239 621/250/239 1319/250/239 1320/252/239
f 665/251/240 664/253/240 1362/253/240 1363/251/240
f 623/254/241 622/252/241 1320/252/241 1321/254/241
f 664/253/242 663/255/242 1361/255/242 1362/253/242
f 624/256/243 623/254/243 1321/254/243 1322/256/243
f 612/257/244 611/231/244 1309/231/244 1310/257/244
f 674/232/245 673/258/245 1371/258/245 1372/232/245
f 613/259/246 612/257/246 1310/257/246 1311/259/246
f 673/258/247 672/260/247 1370/260/247 1371/258/247
f 614/237/248 613/259/248 1311/259/248 1312/237/248
f 672/260/249 671/239/249 1369/239/249 1370/260/249
f 663/255/250 662/261/250 1360/261/250 1361/255/250
f 625/262/251 624/256/251 1322/256/251 1323/262/251
f 662/261/252 661/263/252 1359/263/252 1360/261/252
f 626/264/253 625/262/253 1323/262/253 1324/264/253
f 661/263/254 660/234/254 1358/234/254 1359/263/254
f 627/235/255 626/264/255 1324/264/255 1325/235/255
f 608/227/256 607/205/256 1305/205/256 1306/227/256
f 679/206/257 678/228/257 1376/228/257 1377/206/257
f 655/218/258 654/207/258 1352/207/258 1353/218/258
f 632/208/259 631/217/259 1329/217/259 1330/208/259
f 693/137/5 692/150/5 1390/150/5 1391/137/5
f 694/121/3 693/137/3 1391/137/3 1392/121/3
f 698/4/3 697/134/3 1395/134/3 1396/4/3
f 691/5/4 698/4/4 1396/4/4 1389/5/4
f 695/102/5 694/121/5 1392/121/5 1393/102/5
f 696/103/3 695/102/3 1393/102/3 1394/103/3
f 697/134/4 696/103/4 1394/103/4 1395/134/4
f 692/150/8 691/5/8 1389/5/8 1390/150/8
